canto_coding_id,region,division,subregion,area_kingdom,culture,language,people,PC1,PC2,lat,lng,cv_1,cv_2,cv_3,cv_4,cv_5,cv_6,cv_7,cv_8,cv_9,cv_10,cv_11,cv_12,cv_13,cv_14,cv_15,cv_16,cv_17,cv_18,cv_19,cv_20,cv_21,cv_22,cv_23,cv_24,cv_25,cv_26,cv_27,cv_28,cv_29,cv_30,cv_31,cv_32,cv_33,cv_34,cv_35,cv_36,cv_37
3772,North,India,C India/ Central Tribal Area,Chhattisgarh,Dhurwa Gond,Dravidian,Tribal,-1.9050600852612600,0.9992858091474620,18.75,81.78,0.38,0.15,0.46,0.54,0.31,0.77,0.77,1.0,0.54,0.54,0.85,0.38,0.46,0.38,0.69,0.38,0.77,0.62,0.08,1.0,1.0,0.08,0.77,0.69,0.77,0.69,1.0,0.38,1.0,0.54,1.0,0.31,0.77,0.54,0.54,0.31,0.54
3773,North,India,C India/ Central Tribal Area,Chhattisgarh,Dhurwa Gond,Dravidian,Tribal,-1.5155332366874600,-2.6126717490242800,18.75,81.78,0.69,0.08,0.08,0.77,0.54,0.54,0.08,0.08,0.08,0.54,0.85,0.23,0.08,0.08,0.69,0.38,0.77,0.69,0.08,0.77,0.54,0.08,0.31,0.85,0.31,1.0,1.0,0.69,1.0,0.54,0.54,0.77,0.62,0.77,0.77,0.77,0.77
3774,North,India,C India/ Central Tribal Area,Chhattisgarh,Dhurwa Gond,Dravidian,Tribal,-2.221905940258100,-2.0757028201642300,18.75,81.78,0.38,0.08,0.08,0.88,0.54,0.54,0.08,0.08,0.08,0.77,0.46,0.38,0.08,0.08,0.69,0.85,0.77,1.0,0.08,0.54,0.77,0.23,0.54,0.69,0.54,0.69,1.0,0.38,0.54,0.77,0.54,0.54,0.62,0.31,0.31,0.54,0.54
3775,North,India,C India/ Central Tribal Area,Chhattisgarh,Dhurwa Gond,Dravidian,Tribal,-2.8497515609178900,-2.9581586111890100,18.75,81.78,0.46,0.08,0.08,0.54,0.77,0.54,0.08,0.08,0.08,0.77,0.85,0.23,0.08,0.08,0.69,0.38,0.88,0.62,0.31,0.31,1.0,0.08,0.77,0.69,0.77,1.0,1.0,0.38,0.54,0.77,1.0,0.42,0.77,1.0,1.0,0.54,0.54
3776,North,India,C India/ Central Tribal Area,Chhattisgarh,Dhurwa Gond,Dravidian,Tribal,-2.818176007513630,0.7072143246097040,18.75,81.78,0.46,0.92,0.85,0.54,0.77,0.77,0.54,0.54,0.31,0.54,0.46,0.23,0.46,0.54,0.69,0.46,0.77,0.38,0.69,0.54,1.0,0.08,0.77,0.69,0.42,1.0,1.0,0.69,1.0,0.54,1.0,0.42,0.77,1.0,1.0,0.54,0.54
3777,North,India,C India/ Central Tribal Area,Chhattisgarh,Dhurwa Gond,Dravidian,Tribal,-1.0438133582136000,-2.2033534598127000,18.75,81.78,0.81,0.08,0.08,1.0,0.77,0.77,0.08,0.08,0.08,0.31,1.0,0.31,0.08,0.08,0.69,0.77,0.19,0.62,0.08,0.77,0.31,0.23,1.0,0.08,0.77,0.08,1.0,0.38,1.0,0.31,0.54,0.42,0.77,0.77,0.54,0.42,0.77
3778,North,India,C India/ Central Tribal Area,Chhattisgarh,Dhurwa Gond,Dravidian,Tribal,0.19274878697378400,-1.8429146751680900,22.05,78.93,0.81,0.08,0.08,1.0,0.77,0.77,0.08,0.08,0.08,0.31,1.0,0.31,0.08,0.08,0.69,0.23,0.42,0.62,0.31,1.0,0.31,0.23,0.31,0.23,0.77,0.08,1.0,0.69,0.08,0.31,0.54,0.31,0.77,1.0,1.0,0.77,0.54
3779,North,India,C India/ Central Tribal Area,Chhattisgarh,Dhurwa Gond,Dravidian,Tribal,-0.7468677915021740,-2.4065911387553700,18.75,81.78,0.46,0.08,0.08,0.77,0.77,0.54,0.08,0.08,0.08,0.31,0.85,0.23,0.08,0.08,0.69,0.92,0.77,0.85,0.31,0.77,0.31,0.08,0.54,0.69,0.77,0.38,1.0,0.69,0.54,0.31,0.54,0.31,0.77,0.77,0.77,0.42,0.77
3780,North,India,C India/ Central Tribal Area,Chhattisgarh,Dhurwa Gond,Dravidian,Tribal,-0.40410802513613400,-2.7478956182376400,18.75,81.78,0.38,0.08,0.08,0.54,0.54,0.31,0.08,0.08,0.08,0.31,0.46,0.23,0.08,0.08,0.69,0.92,0.54,1.0,0.08,0.54,0.54,0.08,0.54,0.69,0.54,0.69,1.0,0.38,0.54,0.31,1.0,0.77,0.62,0.54,0.54,0.77,0.77
3781,North,India,C India/ Central Tribal Area,Chhattisgarh,Dhurwa Gond,Dravidian,Tribal,-0.9666439611186030,-2.0238121178014300,18.75,81.78,0.38,0.08,0.08,0.77,0.77,0.54,0.08,0.08,0.08,0.54,0.85,0.23,0.08,0.08,0.69,0.92,0.54,1.0,0.31,0.54,0.54,0.08,0.54,0.85,0.54,0.69,1.0,0.69,1.0,0.54,1.0,0.54,0.62,0.0,0.0,0.54,0.31
3782,North,India,C India/ Central Tribal Area,Chhattisgarh,Dhurwa Gond,Dravidian,Tribal,-2.9681054906690100,-0.2324249552630610,18.75,81.78,0.92,0.62,0.15,0.88,0.77,0.77,0.31,0.08,0.08,0.54,1.0,0.31,0.85,0.69,0.69,0.92,0.42,0.85,0.31,0.54,0.31,0.23,0.77,0.85,0.77,1.0,1.0,0.38,0.54,0.54,1.0,0.54,0.77,0.77,0.77,0.77,0.77
3783,North,India,C India/ Central Tribal Area,Chhattisgarh,Dhurwa Gond,Dravidian,Tribal,0.8681638692888640,-3.816403806972190,18.75,81.78,0.15,0.08,0.08,0.31,0.08,0.08,0.08,0.08,0.08,0.77,0.85,0.08,0.08,0.08,0.69,0.77,0.54,1.0,0.31,0.31,0.31,0.08,0.77,0.38,0.31,0.38,1.0,0.69,0.54,0.77,1.0,0.54,0.62,0.54,0.77,0.77,0.77
3784,North,India,C India/ Central Tribal Area,Chhattisgarh,Dorla,Dravidian,Tribal,-1.486302009041700,-2.5610231338130400,24.61,80.48,0.38,0.08,0.08,0.77,0.77,0.54,0.08,0.08,0.08,0.54,0.85,0.23,0.08,0.08,0.69,0.92,0.54,0.85,0.31,0.54,0.54,0.08,0.77,0.85,0.54,0.69,1.0,0.38,0.54,0.54,1.0,0.54,0.62,0.54,0.54,0.54,0.54
3785,North,India,C India/ Central Tribal Area,Chhattisgarh,Dorla,Dravidian,Tribal,-1.3105343327088800,-2.4753681488133600,24.61,80.48,0.38,0.08,0.08,0.77,0.77,0.77,0.08,0.08,0.08,0.31,0.85,0.23,0.08,0.08,0.69,0.85,0.31,1.0,0.31,0.54,0.77,0.08,0.77,0.69,0.54,0.69,1.0,0.38,1.0,0.31,0.54,0.54,0.62,0.54,0.54,0.54,0.54
3786,North,India,C India/ Central Tribal Area,Chhattisgarh,Dorla,Dravidian,Tribal,0.09920821978659740,-2.0019640815180300,24.61,80.48,0.38,0.08,0.08,0.77,0.0,0.54,0.08,0.08,0.08,0.54,0.85,0.23,0.08,0.08,0.69,0.92,0.42,0.85,0.08,0.54,0.54,0.08,0.77,0.69,0.54,0.69,1.0,0.38,1.0,0.54,0.0,0.77,0.62,0.0,0.0,0.42,0.54
3787,North,India,C India/ Central Tribal Area,Chhattisgarh,Dorla,Dravidian,Tribal,-0.9591688485389220,-2.9033459737973300,24.61,80.48,0.46,0.08,0.08,0.54,0.0,0.54,0.08,0.08,0.08,0.54,0.85,0.23,0.08,0.08,0.69,0.92,0.54,1.0,0.08,0.31,0.54,0.08,0.77,0.69,0.54,1.0,1.0,0.69,0.54,0.54,1.0,0.54,0.62,0.54,0.54,0.77,0.54
3788,North,India,C India/ Central Tribal Area,Chhattisgarh,Dorla,Dravidian,Tribal,-1.7875968408813300,-2.9025138107996600,14.51,78.36,0.38,0.08,0.08,0.54,0.77,0.54,0.08,0.08,0.08,0.77,0.85,0.23,0.08,0.08,0.69,0.85,0.54,0.85,0.08,1.0,0.54,0.08,0.77,0.69,0.42,1.0,1.0,0.38,0.54,0.77,1.0,1.0,0.62,0.31,0.54,0.77,0.77
3789,North,India,C India/ Central Tribal Area,Chhattisgarh,Dorla,Dravidian,Tribal,-0.6274073998239380,-1.8753915959749600,14.51,78.36,0.77,0.08,0.08,0.54,0.31,0.54,0.08,0.08,0.08,0.54,0.85,0.23,0.08,0.08,0.69,0.38,0.77,0.38,0.08,0.54,0.54,0.08,0.77,0.85,0.54,1.0,1.0,0.69,0.54,0.54,0.54,0.77,0.46,0.31,0.31,0.77,0.77
3798,North,India,C India/ Central Tribal Area,Chhattisgarh,Dorla,Dravidian,Tribal,-0.77379076450253,-2.248840820560190,14.51,78.36,0.38,0.08,0.08,1.0,0.77,0.54,0.08,0.08,0.08,0.31,0.85,0.38,0.08,0.08,0.69,0.62,0.42,0.85,0.08,1.0,0.54,0.46,0.0,0.69,0.54,0.38,1.0,0.69,0.54,0.31,1.0,1.0,0.62,0.42,0.54,0.54,0.77
3799,North,India,C India/ Central Tribal Area,Chhattisgarh,Dorla,Dravidian,Tribal,-1.995818044892210,-2.6245785722994100,24.61,80.48,0.15,0.08,0.08,1.0,0.77,0.54,0.08,0.08,0.08,0.54,0.85,0.23,0.08,0.08,0.69,0.85,0.77,0.85,0.08,0.54,0.31,0.46,0.77,0.85,0.54,1.0,1.0,0.38,0.54,0.54,1.0,0.42,0.62,0.54,0.77,0.54,0.54
3800,North,India,C India/ Central Tribal Area,Chhattisgarh,Dorla,Dravidian,Tribal,0.705778432388513,-1.839604629727400,14.51,78.36,0.38,0.08,0.08,0.77,0.31,0.31,0.08,0.08,0.08,0.31,0.85,0.38,0.08,0.08,0.69,0.77,0.77,0.85,0.31,0.77,0.54,0.08,0.54,0.69,0.54,0.38,1.0,0.38,0.54,0.31,1.0,0.54,0.0,0.31,0.31,0.54,0.77
3801,North,India,C India/ Central Tribal Area,Chhattisgarh,Dorla,Dravidian,Tribal,-1.8144250042711900,-2.697470707824370,24.61,80.48,0.46,0.08,0.08,1.0,0.31,0.31,0.08,0.08,0.08,0.54,0.85,0.38,0.08,0.08,0.69,0.92,0.54,0.23,0.69,0.31,0.54,0.46,0.77,0.85,0.77,0.69,1.0,0.38,1.0,0.54,1.0,0.31,0.62,0.54,0.77,0.77,0.77
3885,North,India,C India/ Central Tribal Area,Chhattisgarh,Muria Gond,Dravidian,Tribal,-1.6222102545300000,-3.9027970446570800,19.1,81.95,0.46,0.08,0.08,0.54,0.77,0.54,0.08,0.08,0.08,0.77,0.85,0.23,0.08,0.08,0.69,0.92,0.31,1.0,0.69,0.54,0.77,0.08,0.77,0.38,0.08,0.38,1.0,0.38,0.54,0.77,1.0,0.54,0.62,0.77,0.77,1.0,1.0
3886,North,India,C India/ Central Tribal Area,Chhattisgarh,Muria Gond,Dravidian,Tribal,-4.199662141095240,1.790353726319010,19.1,81.95,0.5,0.69,0.5,1.0,0.77,0.77,0.88,0.77,1.0,0.77,0.85,0.23,0.46,0.69,0.69,0.69,0.77,0.85,0.08,0.54,0.77,0.46,0.54,0.85,0.77,0.69,0.38,0.38,1.0,0.77,1.0,0.77,0.62,0.77,0.54,0.31,0.77
411,North,India,C India/ Central Tribal Area,Maharashtra,Gond,Dravidian,Tribal,-1.6952680865222100,-2.628000923551670,21.14,79.08,0.62,0.08,0.08,0.54,0.54,0.77,0.08,0.08,0.08,0.08,0.46,0.23,0.08,0.08,0.69,0.92,0.77,0.62,0.31,0.54,0.77,0.08,1.0,0.69,0.54,1.0,1.0,0.69,1.0,0.08,1.0,0.42,0.81,0.77,0.31,0.54,0.54
844,North,India,C India/ Central Tribal Area,Maharashtra,Gond,Dravidian,Tribal,-2.7094025330326500,1.3082976065182100,21.14,79.08,0.69,0.23,0.46,0.54,0.54,0.77,0.54,0.54,1.0,0.54,0.85,0.23,0.46,0.54,0.08,0.92,0.54,1.0,0.08,0.31,0.77,0.08,1.0,0.69,0.77,1.0,1.0,1.0,1.0,0.54,1.0,0.54,0.35,0.42,0.42,0.54,0.31
846,North,India,C India/ Central Tribal Area,Maharashtra,Gond,Dravidian,Tribal,-3.0385845832082500,1.3183582474519200,21.14,79.08,0.46,0.23,0.46,0.54,0.77,0.77,0.54,0.54,1.0,0.54,0.46,0.23,0.46,0.54,0.69,0.92,0.54,1.0,0.08,0.31,0.77,0.08,0.77,0.69,0.77,1.0,1.0,1.0,1.0,0.54,1.0,0.54,0.35,0.54,0.42,0.54,0.31
847,North,India,C India/ Central Tribal Area,Maharashtra,Gond,Dravidian,Tribal,-2.2987401299709500,1.4243979248347500,21.14,79.08,0.69,0.23,0.46,0.54,0.77,0.77,0.54,0.54,0.77,0.54,0.46,0.23,0.46,0.54,0.69,0.46,0.54,0.69,0.31,0.31,0.54,0.08,1.0,0.69,0.54,1.0,1.0,1.0,1.0,0.54,1.0,0.54,0.35,0.42,0.42,0.54,0.31
848,North,India,C India/ Central Tribal Area,Maharashtra,Gond,Dravidian,Tribal,-2.5783799308403700,0.9525367307239580,21.14,79.08,0.69,0.23,0.38,0.54,0.77,0.77,0.54,0.54,1.0,0.54,0.85,0.23,0.35,0.54,0.69,0.85,0.31,0.85,0.08,0.31,0.54,0.08,0.77,0.69,0.54,1.0,1.0,1.0,1.0,0.54,1.0,0.54,0.46,0.54,0.54,0.54,0.31
849,North,India,C India/ Central Tribal Area,Maharashtra,Gond,Dravidian,Tribal,-2.7098172985433500,2.3281388157066000,21.14,79.08,0.69,0.23,0.38,0.54,0.77,0.77,1.0,0.54,1.0,0.54,0.46,0.23,0.35,0.85,0.69,0.92,0.54,0.85,0.08,0.54,0.54,0.08,0.77,0.77,0.77,1.0,1.0,1.0,0.54,0.54,1.0,0.54,0.35,0.42,0.54,0.54,0.31
850,North,India,C India/ Central Tribal Area,Maharashtra,Gond,Dravidian,Tribal,-1.7521914747478300,2.648197209590170,21.14,79.08,0.69,0.23,0.46,0.54,0.77,0.77,1.0,0.54,1.0,0.54,0.85,0.23,0.35,0.85,0.69,0.23,0.54,0.62,0.08,0.54,0.54,0.08,0.54,0.69,0.77,1.0,1.0,1.0,1.0,0.54,1.0,0.54,0.35,0.42,0.42,0.54,0.31
851,North,India,C India/ Central Tribal Area,Maharashtra,Gond,Dravidian,Tribal,-1.8764895579166900,2.574366770126220,21.14,79.08,0.69,0.23,0.46,0.54,0.77,0.77,1.0,0.54,1.0,0.54,0.85,0.23,0.35,0.85,0.69,0.38,0.54,0.62,0.08,0.54,0.54,0.08,0.54,0.69,0.77,1.0,1.0,1.0,1.0,0.54,1.0,0.54,0.35,0.42,0.42,0.54,0.31
852,North,India,C India/ Central Tribal Area,Maharashtra,Gond,Dravidian,Tribal,-1.6895410513802,2.83376684955716,21.14,79.08,0.69,0.23,0.69,0.54,0.54,0.77,1.0,0.77,1.0,0.54,0.85,0.23,0.35,0.85,0.69,0.69,0.31,0.08,0.31,0.31,0.54,0.08,0.77,0.69,0.54,1.0,1.0,1.0,1.0,0.54,1.0,0.54,0.35,0.42,0.42,0.54,0.31
3797,North,India,C India/ Central Tribal Area,Maharashtra,Gond,Dravidian,Tribal,-1.513808191908100,-2.217223582306910,22.97,78.65,0.46,0.08,0.08,0.54,0.77,0.77,0.08,0.08,0.08,0.54,0.85,0.23,0.08,0.08,0.69,0.92,0.54,1.0,0.08,0.31,0.54,0.08,0.0,0.69,0.77,0.69,1.0,0.69,0.54,0.54,1.0,0.54,0.62,0.77,0.77,0.54,0.54
3853,North,India,C India/ Central Tribal Area,Maharashtra,Gond,Dravidian,Tribal,-2.3284339881637300,1.658070474335590,22.34,78.66,0.46,0.15,0.38,0.54,0.54,0.54,1.0,0.77,0.77,0.54,0.46,0.23,0.46,0.69,0.69,0.92,0.77,0.85,0.31,0.54,0.54,0.08,0.77,0.85,0.77,1.0,1.0,0.69,0.54,0.54,1.0,0.42,0.46,0.54,0.42,0.54,0.77
3854,North,India,C India/ Central Tribal Area,Maharashtra,Gond,Dravidian,Tribal,-4.207740267436980,1.4205903913488500,22.59,80.37,0.46,0.15,0.38,0.88,0.54,0.77,1.0,0.54,0.77,0.77,0.46,0.38,0.46,0.69,0.69,0.85,0.54,0.85,0.19,0.54,0.54,0.62,0.54,0.77,0.77,1.0,1.0,0.69,1.0,0.77,1.0,0.54,0.62,0.54,0.31,0.54,0.77
9842,North,India,C India/ Central Tribal Area,Maharashtra,Gond,Dravidian,Tribal,-1.4793797303465300,-1.9530225897319000,19.2,81.93,0.69,0.08,0.08,1.0,0.54,0.31,0.08,0.08,0.08,0.54,0.85,0.23,0.08,0.08,0.69,0.62,0.42,0.85,0.0,0.77,0.77,0.23,1.0,0.69,0.77,0.69,0.08,0.38,0.54,0.54,1.0,0.54,0.35,0.54,0.31,0.54,0.54
9843,North,India,C India/ Central Tribal Area,Maharashtra,Gond,Dravidian,Tribal,1.3262055312988100,-2.8702080933256800,19.2,81.93,0.15,0.08,0.08,0.31,0.08,0.08,0.08,0.08,0.08,0.54,0.85,0.08,0.08,0.08,0.69,0.77,0.42,0.73,0.69,0.77,0.77,0.08,0.77,0.69,0.77,0.69,0.08,0.38,0.54,0.54,0.54,0.31,1.0,0.31,0.31,0.54,0.54
9844,North,India,C India/ Central Tribal Area,Maharashtra,Gond,Dravidian,Tribal,-3.6955704072635400,2.7154847602809200,19.2,81.93,0.46,0.69,1.0,0.54,0.77,0.77,1.0,0.54,0.77,0.77,0.46,0.23,0.35,0.85,0.69,0.92,0.42,0.85,0.31,0.54,0.77,0.08,1.0,0.69,0.77,1.0,0.69,0.69,0.54,0.77,1.0,0.54,0.46,0.54,0.54,0.31,0.77
9845,North,India,C India/ Central Tribal Area,Maharashtra,Gond,Dravidian,Tribal,-1.5055108735003300,-2.086581872395200,19.2,81.93,0.69,0.08,0.08,0.54,0.54,0.77,0.08,0.08,0.08,0.54,0.85,0.23,0.08,0.08,0.69,0.85,0.88,0.62,0.08,0.54,0.54,0.08,0.77,0.69,0.54,1.0,0.08,0.69,0.54,0.54,1.0,0.54,0.35,0.54,0.54,0.54,0.54
9846,North,India,C India/ Central Tribal Area,Maharashtra,Gond,Dravidian,Tribal,-1.7391974188896100,0.6561543822933470,19.2,81.93,0.92,0.23,0.46,0.54,0.77,0.77,0.08,0.77,0.54,0.77,0.46,0.23,0.23,0.23,0.69,0.92,0.54,1.0,0.08,0.77,0.0,0.0,0.77,0.0,0.54,1.0,1.0,0.38,0.08,0.77,0.0,0.31,0.62,0.54,0.77,0.54,1.0
9847,North,India,C India/ Central Tribal Area,Maharashtra,Gond,Dravidian,Tribal,-1.8273520866703500,-1.6831945052556600,19.2,81.93,0.38,0.08,0.08,0.54,0.54,0.77,0.08,0.08,0.08,0.77,0.46,0.23,0.08,0.08,0.69,0.92,0.77,0.85,0.31,0.77,0.54,0.08,1.0,0.85,0.54,1.0,0.08,0.38,0.54,0.77,0.0,0.31,0.46,0.54,0.54,0.31,0.54
9848,North,India,C India/ Central Tribal Area,Maharashtra,Gond,Dravidian,Tribal,-2.5308666626318600,3.5594719041396000,19.2,81.93,0.38,0.85,1.0,0.54,0.54,0.77,1.0,1.0,0.54,0.77,0.46,0.23,0.46,1.0,0.0,0.46,0.88,0.38,0.31,0.77,0.77,0.08,1.0,0.85,0.54,1.0,0.38,0.69,1.0,0.77,0.54,0.42,0.46,0.54,0.54,0.54,0.77
9849,North,India,C India/ Central Tribal Area,Maharashtra,Gond,Dravidian,Tribal,-3.1086464434141400,-3.312005260080390,19.2,81.93,0.35,0.08,0.08,0.88,0.77,0.54,0.08,0.08,0.08,0.77,0.69,0.23,0.08,0.08,0.69,0.46,1.0,0.62,0.69,0.54,0.77,0.46,1.0,0.85,0.31,1.0,0.08,1.0,0.54,0.77,1.0,0.77,0.62,0.54,0.54,0.77,0.77
9850,North,India,C India/ Central Tribal Area,Maharashtra,Gond,Dravidian,Tribal,-2.897030436721650,-2.0448767985235000,19.2,81.93,0.73,0.08,0.08,0.54,0.77,0.77,0.08,0.08,0.08,0.77,0.46,0.23,0.08,0.08,0.69,0.85,0.88,0.85,0.0,0.54,0.54,0.08,1.0,0.85,0.54,0.69,0.08,1.0,0.54,0.77,1.0,0.54,0.35,0.31,0.54,0.54,0.77
756,North,India,C India/ Central Tribal Area,Malwa,C Indian Folk,Indo-European,Non-Tribal,2.4190127672863100,2.7864337961217600,22.97,78.65,0.46,0.38,0.46,0.54,0.31,0.54,0.77,0.31,0.54,0.08,0.69,0.23,0.69,0.69,0.08,0.15,0.77,0.08,0.85,0.54,0.31,0.08,0.08,0.85,0.54,1.0,1.0,0.38,1.0,0.08,1.0,0.31,0.08,0.08,0.54,0.54,0.77
3802,North,India,C India/ Central Tribal Area,Malwa,Korku,Austroasiatic,Non-Tribal,-2.417700356978600,-2.185865806851390,21.77,78.17,0.46,0.15,0.15,1.0,0.54,0.77,0.31,0.08,0.08,0.54,0.85,0.38,0.46,0.08,0.69,0.85,0.54,0.85,0.69,0.54,0.77,0.46,0.77,0.69,0.31,0.69,1.0,0.69,1.0,0.54,1.0,0.77,0.46,0.31,0.31,0.77,0.77
3803,North,India,C India/ Central Tribal Area,Malwa,Korku,Austroasiatic,Non-Tribal,-2.5909006211061600,2.09564843504175,21.77,78.17,0.46,0.15,0.38,0.77,0.77,0.77,1.0,0.77,0.77,0.54,0.85,0.38,0.46,0.85,0.69,0.92,0.77,0.85,0.31,0.54,0.54,0.08,0.31,0.85,0.77,1.0,1.0,0.69,1.0,0.54,1.0,0.77,0.46,0.31,0.31,0.54,0.31
3804,North,India,C India/ Central Tribal Area,Malwa,Korku,Austroasiatic,Non-Tribal,-2.7859882948304600,2.1621847454165500,21.77,78.17,0.81,0.15,0.38,0.77,0.54,0.54,1.0,0.77,0.77,0.77,0.85,0.31,0.46,0.85,0.69,0.92,0.54,1.0,0.31,0.54,0.31,0.08,0.54,0.85,0.77,1.0,1.0,0.38,1.0,0.77,1.0,0.54,0.46,0.42,0.42,0.54,0.42
3805,North,India,C India/ Central Tribal Area,Malwa,Korku,Austroasiatic,Non-Tribal,0.9052585472886390,-3.486601017504220,21.77,78.17,0.15,0.08,0.08,0.31,0.08,0.08,0.08,0.08,0.08,0.54,0.85,0.08,0.08,0.08,0.69,0.85,0.77,0.85,0.08,0.54,0.31,0.08,0.54,0.77,0.31,0.69,1.0,0.69,1.0,0.54,1.0,0.54,0.62,0.42,0.54,0.77,0.77
3806,North,India,C India/ Central Tribal Area,Malwa,Korku,Austroasiatic,Non-Tribal,0.2933216531447320,-3.6960481393519900,21.77,78.17,0.15,0.08,0.08,0.31,0.08,0.08,0.08,0.08,0.08,0.54,0.85,0.08,0.08,0.08,0.69,0.85,0.54,1.0,0.69,0.31,0.54,0.08,0.77,0.85,0.31,0.69,1.0,0.69,1.0,0.54,1.0,0.54,0.62,0.54,0.54,0.54,0.77
3807,North,India,C India/ Central Tribal Area,Malwa,Korku,Austroasiatic,Non-Tribal,0.8976264783358030,-3.3819227376027800,21.77,78.17,0.15,0.08,0.08,0.31,0.08,0.08,0.08,0.08,0.08,0.31,0.85,0.08,0.08,0.08,0.69,0.92,0.77,0.85,0.69,0.31,0.54,0.08,0.54,0.85,0.54,1.0,1.0,0.69,0.54,0.31,1.0,0.54,0.62,0.54,0.54,0.77,0.77
3808,North,India,C India/ Central Tribal Area,Malwa,Korku,Austroasiatic,Non-Tribal,-0.7314590088172350,-2.281956536948380,21.77,78.17,0.46,0.08,0.08,0.77,0.54,0.31,0.08,0.08,0.08,0.54,0.85,0.38,0.08,0.08,0.69,0.85,0.54,1.0,0.31,0.31,0.31,0.08,0.31,0.69,0.54,0.69,1.0,0.69,0.54,0.54,0.54,0.77,0.62,0.31,0.54,0.54,0.77
3809,North,India,C India/ Central Tribal Area,Malwa,Korku,Austroasiatic,Non-Tribal,-0.5632358013173240,-2.757729702540130,21.77,78.17,0.46,0.08,0.08,0.77,0.31,0.54,0.08,0.08,0.08,0.54,0.85,0.38,0.08,0.08,0.69,0.69,0.54,1.0,0.08,0.31,0.31,0.08,0.54,0.38,0.31,0.69,1.0,0.69,0.54,0.54,1.0,0.77,0.62,0.08,0.54,0.77,1.0
3810,North,India,C India/ Central Tribal Area,Malwa,Korku,Austroasiatic,Non-Tribal,0.23055371157356600,-3.4466603426007900,21.77,78.17,0.15,0.08,0.08,0.31,0.08,0.08,0.08,0.08,0.08,0.77,0.85,0.08,0.08,0.08,0.69,0.85,0.77,0.81,0.85,0.31,0.54,0.08,0.77,0.69,0.42,0.69,1.0,0.69,1.0,0.77,1.0,0.54,0.62,0.31,0.54,0.42,0.54
3811,North,India,C India/ Central Tribal Area,Malwa,Korku,Austroasiatic,Non-Tribal,-0.5545349239907000,-2.3694012972684000,21.77,78.17,0.69,0.08,0.08,0.77,0.31,0.31,0.08,0.08,0.08,0.54,0.85,0.23,0.08,0.08,0.69,0.85,0.54,1.0,0.08,0.31,0.54,0.08,0.54,0.69,0.54,0.69,1.0,0.38,0.54,0.54,1.0,0.77,0.35,0.31,0.54,0.77,0.54
3820,North,India,E C India/ E Central Tribal Area,Chota Nagpur Plateau,Bhumij,Austroasiatic,Tribal,2.905706840873240,1.7517026317373100,22.5,85.5,0.15,0.62,0.54,0.31,0.08,0.08,0.77,0.54,0.08,0.54,0.85,0.08,0.92,0.38,0.69,0.46,0.77,0.23,0.31,0.54,0.31,0.08,0.31,0.85,0.77,0.38,0.38,0.69,0.54,0.54,0.08,0.77,0.23,0.31,0.54,0.31,0.54
3821,North,India,E C India/ E Central Tribal Area,Chota Nagpur Plateau,Bhumij,Austroasiatic,Tribal,1.8205685322617000,1.669157862257180,22.5,85.5,0.15,0.62,0.54,0.31,0.08,0.08,1.0,0.54,0.31,0.54,0.85,0.08,0.85,0.38,0.69,0.46,0.77,0.62,0.31,0.77,0.54,0.08,0.31,0.85,0.77,0.69,0.69,0.69,0.54,0.54,0.54,0.31,0.62,0.31,0.54,0.31,0.54
3822,North,India,E C India/ E Central Tribal Area,Chota Nagpur Plateau,Bhumij,Austroasiatic,Tribal,2.318166000349370,-2.396345721129470,23.34,86.36,0.15,0.08,0.08,0.31,0.08,0.08,0.08,0.08,0.08,0.31,0.85,0.08,0.08,0.08,0.69,0.69,0.77,0.08,0.31,0.77,0.54,0.08,0.54,0.85,0.77,0.69,1.0,0.69,0.54,0.31,0.54,0.42,0.62,0.54,0.54,0.77,0.31
3823,North,India,E C India/ E Central Tribal Area,Chota Nagpur Plateau,Bhumij,Austroasiatic,Tribal,3.121367219641020,-2.0742625356827200,23.34,86.36,0.15,0.08,0.08,0.31,0.08,0.08,0.08,0.08,0.08,0.31,0.85,0.08,0.08,0.08,0.69,0.38,0.54,0.23,0.31,0.77,0.31,0.08,0.31,0.69,0.54,0.69,1.0,1.0,0.54,0.31,0.54,0.77,0.62,0.31,0.54,0.42,0.31
3824,North,India,E C India/ E Central Tribal Area,Chota Nagpur Plateau,Bhumij,Austroasiatic,Tribal,-2.223523076054890,1.5945561475626300,23.34,86.36,0.62,0.23,0.38,0.77,0.54,0.54,0.54,0.54,0.77,0.54,0.46,0.38,0.46,0.69,0.69,0.46,0.77,0.23,0.08,0.54,0.54,0.08,0.77,0.69,0.77,1.0,1.0,0.69,1.0,0.54,0.54,0.54,0.62,0.54,0.54,0.42,0.54
3825,North,India,E C India/ E Central Tribal Area,Chota Nagpur Plateau,Bhumij,Austroasiatic,Tribal,4.177729501764030,-2.716545421369420,23.34,86.36,0.15,0.08,0.08,0.31,0.08,0.08,0.08,0.08,0.08,0.08,1.0,0.08,0.08,0.08,0.69,0.15,0.77,0.08,0.31,0.77,0.54,0.08,0.31,0.85,0.42,0.08,1.0,0.69,0.54,0.08,0.54,0.77,0.62,0.54,0.54,0.77,0.31
3826,North,India,E C India/ E Central Tribal Area,Chota Nagpur Plateau,Bhumij,Austroasiatic,Tribal,0.8060341789873060,-0.7447721605993580,23.34,86.36,0.15,0.92,0.15,0.31,0.08,0.08,0.31,0.08,0.08,0.54,0.46,0.08,0.46,0.69,0.69,0.62,0.77,0.92,0.08,0.54,0.54,0.08,0.77,0.77,0.77,0.69,1.0,0.38,0.54,0.54,1.0,0.77,0.35,0.31,0.77,0.77,0.77
3827,North,India,E C India/ E Central Tribal Area,Chota Nagpur Plateau,Bhumij,Austroasiatic,Tribal,1.885985370293540,-1.265049996248080,23.34,86.36,0.15,0.15,0.15,0.31,0.08,0.08,0.31,0.08,0.08,0.54,0.46,0.08,0.46,0.08,0.69,0.23,0.88,0.31,0.08,0.31,0.54,0.08,0.77,0.77,0.54,0.69,0.69,0.69,0.54,0.54,0.54,0.54,0.46,0.31,0.54,0.42,0.31
3828,North,India,E C India/ E Central Tribal Area,Chota Nagpur Plateau,Bhumij,Austroasiatic,Tribal,2.386648136858410,-2.7828300138044100,23.34,86.36,0.15,0.08,0.08,0.31,0.08,0.08,0.08,0.08,0.08,0.31,0.85,0.08,0.08,0.08,0.69,0.46,0.54,0.62,0.31,0.77,0.54,0.08,0.54,0.69,0.42,0.69,1.0,0.38,0.54,0.31,0.54,0.77,0.62,0.54,0.54,0.54,0.54
3829,North,India,E C India/ E Central Tribal Area,Chota Nagpur Plateau,Bhumij,Austroasiatic,Tribal,3.979715871285530,-2.1166495641953500,23.34,86.36,0.15,0.08,0.08,0.31,0.08,0.08,0.08,0.08,0.08,0.31,0.85,0.08,0.08,0.08,0.69,0.15,0.77,0.08,0.31,0.77,0.54,0.08,0.31,0.85,0.42,0.38,1.0,0.38,0.08,0.31,0.54,0.77,0.46,0.31,0.54,0.77,0.31
3836,North,India,E C India/ E Central Tribal Area,Chota Nagpur Plateau,Bhumij,Austroasiatic,Tribal,3.9460072013859600,-0.6443814081514340,22.36,85.43,0.15,0.62,0.15,0.31,0.08,0.08,0.31,0.08,0.08,0.31,0.46,0.08,0.46,0.08,0.69,0.15,0.54,0.08,0.31,0.54,0.31,0.08,0.54,0.38,0.42,0.69,0.69,0.69,0.54,0.31,1.0,0.54,0.35,0.31,0.31,0.77,0.31
3837,North,India,E C India/ E Central Tribal Area,Chota Nagpur Plateau,Bhumij,Austroasiatic,Tribal,2.888560526639910,-0.9580295903865720,22.36,85.43,0.15,0.62,0.15,0.31,0.08,0.08,0.31,0.08,0.08,0.31,0.46,0.08,0.85,0.08,0.69,0.46,0.77,0.38,0.08,0.54,0.31,0.08,0.54,0.69,0.31,0.69,0.38,1.0,0.08,0.31,1.0,0.54,0.46,0.54,0.54,0.77,0.54
3838,North,India,E C India/ E Central Tribal Area,Chota Nagpur Plateau,Bhumij,Austroasiatic,Tribal,-1.2091744778139600,-2.517419318758390,22.36,85.43,0.46,0.08,0.08,1.0,0.54,0.54,0.08,0.08,0.08,0.31,0.85,0.23,0.08,0.08,0.69,0.92,0.54,0.85,0.31,0.54,0.54,0.46,0.77,0.69,0.54,0.69,1.0,0.69,1.0,0.31,1.0,0.54,0.35,0.31,0.54,0.77,0.54
3839,North,India,E C India/ E Central Tribal Area,Chota Nagpur Plateau,Bhumij,Austroasiatic,Tribal,1.6854974356385100,-2.956642497213410,22.36,85.43,0.15,0.08,0.08,0.31,0.08,0.08,0.08,0.08,0.08,0.54,0.46,0.08,0.08,0.08,0.69,0.38,0.77,0.23,0.08,0.54,0.54,0.08,0.54,0.69,0.31,0.38,1.0,0.69,0.54,0.54,1.0,0.54,0.62,0.54,0.54,0.77,0.77
3840,North,India,E C India/ E Central Tribal Area,Chota Nagpur Plateau,Bhumij,Austroasiatic,Tribal,1.2662325126306600,2.8269849331059600,22.36,85.43,0.69,0.62,0.54,0.77,0.31,0.31,0.77,0.54,0.08,0.54,0.85,0.38,0.85,0.38,0.69,0.77,0.42,0.23,0.08,0.54,0.31,0.08,0.0,0.69,0.77,0.69,0.69,0.0,0.0,0.54,1.0,0.42,0.23,0.31,0.31,0.42,0.42
3841,North,India,E C India/ E Central Tribal Area,Chota Nagpur Plateau,Bhumij,Austroasiatic,Tribal,0.13688787654119800,2.8442748713785900,23.34,86.36,0.38,0.92,0.85,0.77,0.31,0.54,0.54,0.77,0.77,0.31,0.46,0.38,0.46,0.54,0.69,0.62,0.54,0.85,0.31,0.77,0.31,0.08,0.31,0.38,0.77,0.69,1.0,0.69,0.08,0.31,1.0,0.42,0.62,0.31,0.54,0.54,0.77
3843,North,India,E C India/ E Central Tribal Area,Chota Nagpur Plateau,Bhumij,Austroasiatic,Tribal,0.13024527260446500,-2.517303629816700,23.34,86.36,0.46,0.08,0.08,0.54,0.31,0.31,0.08,0.08,0.08,0.31,0.46,0.38,0.08,0.08,0.69,0.46,0.77,0.38,0.69,0.54,0.54,0.08,0.77,0.69,0.54,0.69,1.0,0.38,1.0,0.31,1.0,0.77,0.62,0.42,0.54,0.77,0.54
3847,North,India,E C India/ E Central Tribal Area,Chota Nagpur Plateau,Kurukh,Dravidian,Tribal,-2.869570103451560,1.3076176609740700,21.14,79.08,0.46,0.15,0.38,0.54,0.54,0.77,1.0,0.54,0.77,0.77,0.46,0.23,0.46,0.69,0.69,0.62,1.0,0.73,0.08,0.54,0.54,0.08,0.77,0.85,0.54,1.0,1.0,0.69,1.0,0.77,1.0,0.42,0.46,0.54,0.54,0.54,0.54
3848,North,India,E C India/ E Central Tribal Area,Chota Nagpur Plateau,Kurukh,Dravidian,Tribal,-2.7140425309820800,1.9112113395696100,21.9,83.4,0.46,0.62,0.38,1.0,0.54,0.54,1.0,0.54,0.77,0.54,0.46,0.23,0.46,0.69,0.69,0.92,0.54,0.85,0.08,0.31,0.54,0.46,0.54,0.77,0.77,1.0,1.0,0.69,0.54,0.54,1.0,0.77,0.46,0.54,0.31,0.54,0.54
3849,North,India,E C India/ E Central Tribal Area,Chota Nagpur Plateau,Kurukh,Dravidian,Tribal,-0.4706078620182880,1.77793575087813,21.14,79.08,0.38,0.23,0.38,0.54,0.54,0.77,1.0,0.54,0.77,0.31,0.46,0.23,0.46,0.85,0.69,0.46,0.54,0.38,0.31,0.77,0.54,0.08,0.77,0.69,0.42,1.0,1.0,0.69,0.54,0.31,1.0,0.42,0.62,0.31,0.54,0.77,0.54
3830,North,India,E C India/ E Central Tribal Area,Chota Nagpur Plateau,Munda,Austroasiatic,Tribal,0.8743493694724550,2.538388879985340,23.4,85.35,0.77,0.62,0.46,0.77,0.31,0.54,0.54,0.54,0.54,0.31,0.85,0.38,0.85,0.54,0.69,0.46,0.42,0.38,0.31,0.77,0.54,0.08,0.54,0.69,0.77,0.38,0.69,0.38,0.54,0.31,0.54,0.42,0.23,0.31,0.42,0.77,0.54
3831,North,India,E C India/ E Central Tribal Area,Chota Nagpur Plateau,Munda,Austroasiatic,Tribal,-1.4436419279121900,1.9792104907464400,23.4,85.35,0.54,0.62,0.38,0.77,0.77,0.54,1.0,0.54,0.77,0.42,0.85,0.38,0.85,0.69,0.69,0.92,0.54,1.0,0.08,0.54,0.54,0.08,0.54,0.69,0.42,0.69,1.0,0.69,0.54,0.42,0.54,0.54,0.62,0.54,0.54,0.54,0.42
3832,North,India,E C India/ E Central Tribal Area,Chota Nagpur Plateau,Munda,Austroasiatic,Tribal,-0.8310145337114700,1.5184297616251700,23.4,85.35,0.54,0.15,0.38,0.88,0.54,0.31,1.0,0.54,0.77,0.54,0.46,0.38,0.46,0.69,0.69,0.46,0.54,0.38,0.31,0.54,0.54,0.23,0.54,0.38,0.31,0.69,1.0,0.69,0.54,0.54,1.0,0.42,0.62,0.31,0.54,0.54,0.54
3833,North,India,E C India/ E Central Tribal Area,Chota Nagpur Plateau,Munda,Austroasiatic,Tribal,-0.4061868164022310,2.339171459883000,23.4,85.35,0.54,0.62,0.38,0.77,0.54,0.54,1.0,0.54,0.77,0.54,0.85,0.38,0.85,0.69,0.69,0.46,0.54,0.38,0.31,0.77,0.54,0.08,0.54,0.85,0.42,0.69,1.0,0.38,0.08,0.54,1.0,0.42,0.62,0.42,0.54,0.77,0.54
3834,North,India,E C India/ E Central Tribal Area,Chota Nagpur Plateau,Munda,Austroasiatic,Tribal,-0.38992741769677200,3.0844229271350100,23.4,85.35,0.54,0.92,0.85,0.77,0.54,0.31,1.0,0.54,0.77,0.31,0.85,0.38,0.85,0.69,0.69,0.46,0.54,0.69,0.08,0.54,0.54,0.08,0.54,0.85,0.42,0.69,1.0,0.38,0.54,0.31,1.0,0.42,0.62,0.31,0.54,0.42,0.77
3835,North,India,E C India/ E Central Tribal Area,Chota Nagpur Plateau,Munda,Austroasiatic,Tribal,2.723194731613180,-0.3041040347089730,23.4,85.35,0.15,0.46,0.15,0.31,0.08,0.08,1.0,0.08,0.08,0.54,0.85,0.08,0.85,0.08,0.69,0.23,0.54,0.38,0.31,0.54,0.54,0.08,0.54,0.69,0.42,0.69,0.69,0.69,0.54,0.54,1.0,0.54,0.23,0.31,0.54,0.77,0.54
9606,North,India,E C India/ E Central Tribal Area,Chota Nagpur Plateau,Munda,Austroasiatic,Tribal,-5.7973719865059400,0.31477587010293700,23.34,85.3,0.92,0.23,0.85,1.0,0.77,0.77,0.54,0.54,0.77,0.77,0.85,0.23,0.23,0.23,0.69,0.92,0.31,1.0,0.08,0.54,1.0,0.46,1.0,0.69,0.77,1.0,1.0,0.69,1.0,0.77,1.0,0.77,0.62,0.77,0.54,0.31,0.77
3850,North,India,E C India/ E Central Tribal Area,Chota Nagpur Plateau,Santhal Munda,Austroasiatic,Tribal,-0.47115199976649200,1.8117683664602400,21.14,79.08,0.46,0.62,0.54,0.54,0.54,0.54,0.88,0.54,0.54,0.31,0.46,0.23,0.46,0.69,0.69,0.92,0.54,0.46,0.08,0.31,0.54,0.23,0.54,0.69,0.42,1.0,0.69,0.69,0.54,0.31,0.54,0.77,0.35,0.31,0.54,0.77,0.54
9872,North,India,Gangetic Plain,Bihar/ Uttar Pradesh,Bhojpuri,Indo-European,Tribal,3.1846156518145300,1.687281694154700,25.88,84.29,0.15,0.23,0.38,0.31,0.08,0.08,1.0,0.54,0.54,0.08,0.69,0.08,0.69,1.0,0.69,0.46,0.77,0.62,0.08,0.54,0.31,0.08,0.31,0.69,0.54,0.69,0.85,0.69,0.08,0.08,0.54,0.54,0.46,0.31,0.77,0.77,0.54
9873,North,India,Gangetic Plain,Bihar/ Uttar Pradesh,Bhojpuri,Indo-European,Tribal,0.9629262456608860,-1.1580613726885400,25.88,84.29,0.92,0.08,0.08,0.54,0.77,0.54,0.08,0.08,0.08,0.08,0.85,0.23,0.08,0.08,0.69,0.69,0.31,0.85,0.08,0.54,0.31,0.08,0.31,0.69,0.54,1.0,0.08,0.38,0.08,0.08,0.54,0.54,0.46,0.54,0.54,0.77,0.31
9874,North,India,Gangetic Plain,Bihar/ Uttar Pradesh,Bhojpuri,Indo-European,Tribal,-1.088516890513530,-1.7970813494752700,25.88,84.29,0.92,0.08,0.08,0.54,0.77,0.54,0.08,0.08,0.08,0.54,0.85,0.23,0.08,0.08,0.69,0.85,0.31,0.85,0.08,0.54,0.54,0.08,0.54,0.69,0.54,0.69,0.08,0.69,0.54,0.54,1.0,0.54,0.46,0.54,0.54,0.54,0.31
9875,North,India,Gangetic Plain,Bihar/ Uttar Pradesh,Bhojpuri,Indo-European,Tribal,1.1050532320120900,2.2532691446153100,25.88,84.29,0.77,0.77,0.85,0.31,0.08,0.08,1.0,0.31,0.54,0.31,0.46,0.08,0.46,0.69,0.85,0.85,0.54,0.85,0.08,0.31,0.42,0.08,0.54,0.77,0.54,0.69,0.69,1.0,0.54,0.31,0.54,0.54,0.23,0.31,0.54,0.77,0.31
9876,North,India,Gangetic Plain,Bihar/ Uttar Pradesh,Bhojpuri,Indo-European,Tribal,-3.760352121414940,3.508685805399800,25.88,84.29,0.85,1.0,0.85,0.77,0.77,0.77,1.0,0.54,1.0,0.77,0.46,0.23,0.46,0.85,0.69,0.69,0.77,0.85,0.08,0.54,0.54,0.08,1.0,0.77,0.77,0.69,0.69,1.0,1.0,0.77,1.0,0.42,0.46,0.31,0.54,0.31,0.54
9877,North,India,Gangetic Plain,Bihar/ Uttar Pradesh,Bhojpuri,Indo-European,Tribal,-0.8128757071076580,-1.1682692174350400,25.88,84.29,0.92,0.08,0.08,0.31,0.77,0.77,0.08,0.08,0.08,0.54,0.46,0.23,0.08,0.08,0.69,0.62,0.77,0.85,0.31,0.54,0.42,0.08,0.54,0.69,0.54,0.69,0.08,0.69,0.54,0.54,1.0,0.54,0.23,0.31,0.31,0.54,0.54
9878,North,India,Gangetic Plain,Bihar/ Uttar Pradesh,Bhojpuri,Indo-European,Tribal,5.3885867519573700,-1.8369319095634100,25.88,84.29,0.15,0.08,0.08,0.31,0.08,0.08,0.08,0.08,0.08,0.08,1.0,0.08,0.08,0.08,0.85,0.08,0.42,0.0,0.69,0.31,0.31,0.08,0.31,0.38,0.77,0.08,0.08,0.38,0.54,0.08,0.54,0.42,0.35,0.54,0.54,0.77,0.31
9879,North,India,Gangetic Plain,Bihar/ Uttar Pradesh,Bhojpuri,Indo-European,Tribal,4.012047678870350,0.08183588516729060,25.88,84.29,0.15,0.92,0.15,0.31,0.08,0.08,1.0,0.08,0.08,0.31,0.85,0.08,0.46,0.08,0.0,0.15,0.77,0.08,0.31,0.54,0.42,0.08,0.54,0.38,0.54,0.69,0.69,0.69,0.54,0.31,1.0,0.54,0.23,0.31,0.54,0.77,0.54
9880,North,India,Gangetic Plain,Bihar/ Uttar Pradesh,Bhojpuri,Indo-European,Tribal,2.469098636360070,-0.9904157498916230,25.88,84.29,0.15,0.92,0.15,0.31,0.08,0.08,1.0,0.08,0.08,0.54,1.0,0.08,0.46,0.08,0.85,0.77,0.77,0.85,0.31,0.77,0.77,0.08,0.54,0.38,0.31,0.69,1.0,0.0,0.08,0.54,1.0,0.54,0.23,0.31,0.31,0.77,0.77
9881,North,India,Gangetic Plain,Bihar/ Uttar Pradesh,Bhojpuri,Indo-European,Tribal,2.6698896818693500,0.03466684759539820,25.88,84.29,0.15,0.15,0.15,0.31,0.08,0.08,1.0,0.08,0.08,0.31,0.92,0.08,0.92,0.08,0.0,0.31,0.77,0.69,0.31,0.77,0.54,0.08,0.77,0.69,0.77,1.0,1.0,0.69,0.54,0.31,1.0,0.42,0.46,0.31,0.54,0.31,0.08
9882,North,India,Gangetic Plain,Bihar/ Uttar Pradesh,Bhojpuri,Indo-European,Tribal,1.8607941417014700,4.578989423177100,25.88,84.29,0.62,0.81,0.62,0.77,0.54,0.54,0.88,0.54,1.0,0.08,1.0,0.38,1.0,0.85,0.69,0.15,0.77,0.08,0.08,0.54,0.31,0.0,0.31,0.77,0.77,0.69,0.69,0.69,0.08,0.08,0.54,0.42,0.23,0.31,0.54,0.77,0.31
9895,North,India,Gangetic Plain,Uttar Pradesh,Uttar Pradesh,Indo-European,Non-Tribal,-0.7051908465770040,4.412995796496770,26.84,80.94,0.73,0.85,0.85,0.54,0.54,0.77,1.0,0.54,1.0,0.77,1.0,0.23,1.0,0.85,0.69,0.62,0.77,0.85,0.69,0.77,0.31,0.08,0.31,0.69,0.77,0.69,0.69,0.69,0.54,0.77,0.54,0.42,0.46,0.31,0.31,0.31,0.31
9896,North,India,Gangetic Plain,Uttar Pradesh,Uttar Pradesh,Indo-European,Non-Tribal,-1.7328479682120900,2.732281378495220,25.26,83.0,0.77,1.0,0.85,0.77,0.54,0.54,1.0,0.31,0.77,0.54,0.46,0.23,0.46,0.85,0.85,0.77,0.77,0.85,0.08,0.77,0.54,0.08,0.54,0.69,0.77,0.69,0.69,0.69,0.54,0.54,1.0,0.77,0.46,0.31,0.54,0.77,0.54
9899,North,India,Gangetic Plain,Uttar Pradesh,Uttar Pradesh,Indo-European,Non-Tribal,-0.899465818297589,-0.4049361008984040,26.84,80.94,0.77,0.77,0.15,0.77,0.54,0.77,1.0,0.08,0.08,0.54,0.85,0.23,0.46,0.08,0.69,0.85,0.54,0.92,0.08,0.31,0.54,0.0,0.54,0.38,0.31,1.0,1.0,0.69,0.54,0.54,1.0,0.77,0.46,0.31,0.54,0.77,0.31
9914,North,India,Gangetic Plain,Uttar Pradesh,Uttar Pradesh,Indo-European,Non-Tribal,2.0420056948004200,-1.9272842957745600,26.44,80.33,0.46,0.08,0.08,0.54,0.77,0.54,0.08,0.08,0.08,0.31,0.69,0.23,0.08,0.08,0.69,0.46,0.42,0.23,0.31,0.77,0.54,0.08,0.54,0.69,0.0,0.0,0.0,0.38,0.08,0.31,1.0,0.77,0.35,0.42,0.42,0.54,0.31
9915,North,India,Gangetic Plain,Uttar Pradesh,Uttar Pradesh,Indo-European,Non-Tribal,-1.8260504106226900,3.4638925762292200,26.33,79.64,0.77,1.0,0.85,0.54,0.54,0.54,1.0,0.77,0.77,0.77,0.46,0.23,0.46,0.85,0.69,0.62,0.42,0.85,0.08,0.54,0.42,0.08,0.54,0.69,0.54,0.69,0.69,0.69,0.54,0.77,1.0,0.54,0.46,0.54,0.54,0.54,0.54
9916,North,India,Gangetic Plain,Uttar Pradesh,Uttar Pradesh,Indo-European,Non-Tribal,-2.7486065756420600,2.5328308549109400,26.24,81.25,0.46,0.92,0.85,0.54,0.54,0.54,1.0,0.54,0.77,0.77,0.46,0.23,0.46,0.85,0.69,0.85,0.77,1.0,0.31,0.54,0.54,0.08,1.0,0.85,0.54,1.0,1.0,0.69,0.54,0.77,1.0,0.54,0.46,0.54,0.31,0.54,0.54
9918,North,India,Gangetic Plain,Uttar Pradesh,Uttar Pradesh,Indo-European,Non-Tribal,-0.8624350440257870,3.495250141286890,25.31,82.97,0.85,0.15,0.85,0.54,0.54,0.54,1.0,0.54,0.77,0.77,0.46,0.23,0.46,0.85,0.69,0.38,0.77,0.62,0.31,0.54,0.54,0.08,0.31,0.85,0.54,0.69,1.0,0.38,0.08,0.77,1.0,0.42,0.23,0.08,0.31,0.54,0.54
9919,North,India,Gangetic Plain,Uttar Pradesh,Uttar Pradesh,Indo-European,Non-Tribal,-2.963458907822400,3.0007895506458600,26.95,80.21,0.85,0.23,0.85,0.77,0.54,0.77,1.0,0.54,0.77,0.77,0.46,0.23,0.46,0.85,0.85,0.77,0.54,0.85,0.08,0.54,0.54,0.08,0.77,0.85,0.77,0.69,0.69,0.69,0.54,0.77,1.0,0.42,0.35,0.31,0.31,0.54,0.54
9920,North,India,Gangetic Plain,Uttar Pradesh,Uttar Pradesh,Indo-European,Non-Tribal,4.029881421333330,0.5407478712940240,25.31,82.97,0.15,0.92,0.15,0.31,0.08,0.08,0.31,0.08,0.08,0.31,0.85,0.08,0.85,0.08,0.0,0.15,0.77,0.08,0.31,0.54,0.54,0.08,0.54,0.85,0.54,0.69,0.69,0.69,0.54,0.31,0.0,0.42,0.23,0.31,0.31,0.54,0.54
752,North,India,Gangetic Plain,"Varanasi, Uttar Pradesh",Benares,Indo-European,Non-Tribal,5.918566785284430,0.7699260076125480,25.13,82.56,0.31,0.62,0.15,0.31,0.08,0.08,0.31,0.08,0.08,0.08,1.0,0.08,1.0,0.08,1.0,0.31,0.31,0.38,0.85,0.77,0.31,0.08,0.54,0.38,0.77,0.08,0.08,0.08,1.0,0.08,0.08,0.31,0.08,0.08,0.08,0.31,0.31
1029,North,India,Gangetic Plain,"Varanasi, Uttar Pradesh",Benares,Indo-European,Non-Tribal,-0.03180830905092220,3.3456654020105300,25.31,82.97,0.69,0.62,0.38,0.54,0.54,0.77,1.0,0.54,1.0,0.08,0.85,0.23,0.46,0.69,0.08,0.69,0.31,1.0,0.08,0.54,0.54,0.08,0.77,0.85,0.77,1.0,1.0,0.38,1.0,0.08,1.0,0.54,0.23,0.08,0.31,0.31,0.08
9897,North,India,Gangetic Plain,"Varanasi, Uttar Pradesh",Benares,Indo-European,Non-Tribal,-1.0180249513707600,3.359932852445130,26.84,80.94,0.77,0.85,0.73,0.77,0.54,0.77,1.0,0.31,1.0,0.54,0.46,0.23,0.46,0.85,0.69,0.35,0.77,0.85,0.31,0.77,0.31,0.08,0.54,0.69,0.77,0.69,0.69,0.69,0.54,0.54,1.0,0.77,0.35,0.31,0.42,0.77,0.31
9898,North,India,Gangetic Plain,"Varanasi, Uttar Pradesh",Benares,Indo-European,Non-Tribal,4.083656659766840,-0.39337970423684600,26.84,80.94,0.15,0.92,0.15,0.31,0.08,0.08,0.31,0.08,0.08,0.31,0.85,0.08,0.46,0.08,0.69,0.69,0.77,0.85,0.69,0.77,0.42,0.08,0.54,0.38,0.77,0.38,1.0,0.38,0.54,0.31,0.54,0.0,0.23,0.08,0.31,0.77,0.31
9900,North,India,Gangetic Plain,"Varanasi, Uttar Pradesh",Benares,Indo-European,Non-Tribal,4.368076198133030,1.0852601181561300,26.84,80.94,0.15,0.92,0.15,0.31,0.08,0.08,1.0,0.08,0.08,0.54,0.85,0.08,0.85,0.08,0.0,0.15,0.31,0.08,0.69,0.77,0.54,0.08,0.31,0.69,0.77,0.38,0.69,0.38,0.54,0.54,0.54,0.77,0.35,0.31,0.08,0.77,0.31
9901,North,India,Gangetic Plain,"Varanasi, Uttar Pradesh",Benares,Indo-European,Non-Tribal,1.8994089690331800,-3.469882538099460,26.84,80.94,0.15,0.08,0.08,0.31,0.08,0.08,0.08,0.08,0.08,0.31,0.85,0.08,0.08,0.08,0.69,0.85,0.77,0.85,0.69,0.54,0.54,0.08,0.77,0.69,0.19,0.69,0.08,0.69,0.54,0.31,1.0,0.77,0.23,0.54,0.54,0.77,0.54
9913,North,India,Gangetic Plain,"Varanasi, Uttar Pradesh",Benares,Indo-European,Non-Tribal,0.0426067395670208,4.224295235398950,26.84,80.94,0.62,0.85,0.85,0.77,0.54,0.77,1.0,0.54,0.54,0.54,0.46,0.23,0.46,0.85,0.69,0.15,0.42,0.08,0.31,0.77,0.42,0.08,0.31,0.69,0.77,0.69,0.69,0.69,0.54,0.54,0.54,0.77,0.23,0.31,0.31,0.54,0.54
753,North,India,N W India,Rajasthan,Rajasthan,Indo-European,Non-Tribal,2.811866193480530,1.7288508469179400,27.02,74.21,0.15,0.69,0.54,0.31,0.08,0.08,0.77,1.0,0.54,0.08,0.46,0.08,0.46,0.69,0.69,0.08,0.54,0.08,0.31,0.54,0.31,0.08,0.31,0.69,0.31,1.0,1.0,0.08,1.0,0.08,1.0,0.77,0.62,0.77,0.54,0.77,0.54
754,North,India,N W India,Rajasthan,Rajasthan,Indo-European,Non-Tribal,5.566334584446550,3.8108769669621100,23.91,87.52,0.15,0.62,0.54,0.31,0.08,0.08,1.0,0.54,0.77,0.08,0.69,0.08,0.69,0.69,0.69,0.08,0.08,0.08,0.08,0.77,0.31,0.08,0.08,0.69,0.77,0.08,0.08,0.38,0.08,0.08,0.08,0.31,0.08,0.31,0.77,0.54,0.54
1030,North,India,N W India,Rajasthan,Rajasthan,Indo-European,Non-Tribal,2.2967594309283000,4.007746686727570,27.02,74.21,0.62,0.38,0.54,0.54,0.54,0.54,1.0,0.54,0.77,0.08,0.85,0.23,0.85,0.69,0.69,0.15,0.31,0.08,0.31,0.54,0.54,0.08,0.31,0.69,0.77,0.69,0.85,0.38,0.54,0.08,1.0,0.42,0.08,0.08,0.31,0.54,0.31
9921,North,India,N W India,Rajasthan,Rajasthan,Indo-European,Non-Tribal,5.451768594675620,0.9259658988854120,27.02,74.21,0.15,0.77,0.15,0.31,0.08,0.08,1.0,0.08,0.08,0.31,1.0,0.08,1.0,0.08,0.69,0.31,0.31,0.62,0.31,0.77,0.31,0.08,0.31,0.38,0.54,0.08,0.08,0.38,0.08,0.31,0.08,0.31,0.46,0.08,0.54,0.31,0.54
9922,North,India,N W India,Rajasthan,Rajasthan,Indo-European,Non-Tribal,2.0369469919121200,4.6223948943938,27.02,74.21,0.46,0.77,0.54,0.77,0.54,0.31,1.0,0.77,0.77,0.31,0.85,0.38,0.85,0.38,0.69,0.31,0.31,0.38,0.08,0.54,0.31,0.08,0.08,0.85,0.77,0.69,1.0,0.08,0.08,0.31,0.08,0.42,0.23,0.08,0.31,0.31,0.54
9923,North,India,N W India,Rajasthan,Rajasthan,Indo-European,Non-Tribal,5.181662846132200,1.3765758763612700,27.02,74.21,0.15,0.77,0.15,0.31,0.08,0.08,1.0,0.08,0.08,0.31,0.92,0.08,0.92,0.08,0.69,0.15,0.42,0.08,0.31,0.77,0.31,0.08,0.31,0.38,0.54,0.69,0.69,0.38,0.08,0.31,0.54,0.42,0.23,0.31,0.31,0.31,0.31
9924,North,India,N W India,Rajasthan,Rajasthan,Indo-European,Non-Tribal,5.581764089096940,3.440919795150210,27.02,74.21,0.15,0.77,0.54,0.31,0.08,0.08,1.0,0.77,0.77,0.31,1.0,0.0,1.0,0.31,0.85,0.15,0.77,0.08,0.31,0.54,0.31,0.08,0.08,0.23,0.77,0.08,1.0,0.08,0.08,0.31,0.08,0.42,0.23,0.31,0.54,0.31,0.31
9925,North,India,N W India,Rajasthan,Rajasthan,Indo-European,Non-Tribal,-2.1965726413430600,2.9051006158248900,27.02,74.21,0.92,0.15,0.85,0.77,0.31,0.54,1.0,0.54,0.77,0.77,0.23,0.23,0.46,0.69,0.69,0.62,0.77,0.85,0.31,0.31,0.31,0.08,0.54,0.69,0.54,1.0,1.0,0.38,0.54,0.77,0.54,0.54,0.46,0.54,0.31,0.31,0.54
757,North,India,Western Ghats,Gujarat,Saurashtra,Indo-European,Non-Tribal,1.4169305687353300,1.5179776789104000,22.25,71.19,0.69,0.38,0.46,0.54,0.54,0.54,0.54,0.31,0.31,0.31,0.69,0.23,0.69,0.23,0.08,0.15,0.54,0.08,0.08,0.54,0.54,0.08,0.54,0.69,0.54,0.38,1.0,0.38,0.54,0.31,1.0,0.54,0.08,0.54,0.54,0.54,0.54
3852,North,India,Western Ghats/ N W India,Gujarat/ Madhya Pradesh/ Maharashtra/ Rajasthan,Bhil,Indo-European,Tribal,-2.522294696533910,1.5396381026978300,22.97,78.65,0.69,0.15,0.38,0.54,0.31,0.54,1.0,0.54,0.77,0.77,0.46,0.23,0.46,0.69,0.69,0.85,0.77,1.0,0.08,0.54,0.54,0.08,0.54,0.85,0.54,1.0,1.0,0.69,0.54,0.77,1.0,0.54,0.35,0.42,0.54,0.42,0.77
3851,South,India,C India/ Central Tribal Area,Andhra Pradesh/ Madhya Pradesh/ Maharashtra/ Telangana,Banjara,Indo-European,Non-Tribal,-1.3119630199849900,3.3061851769400800,19.89,75.3,0.69,0.92,0.69,0.77,0.54,0.54,1.0,0.54,0.77,0.54,0.46,0.38,0.46,0.69,0.69,0.69,1.0,0.85,0.31,0.31,0.31,0.08,0.08,0.77,0.42,1.0,1.0,1.0,0.54,0.54,0.54,0.31,0.23,0.31,0.31,0.77,0.77
3844,South,India,C India/ Central Tribal Area,Chhattisgarh/ Madhya Pradesh/ Maharashtra/ Telangana,Kolam,Dravidian,Tribal,-1.245081254741650,3.0074444271794900,15.91,79.74,0.69,0.15,0.38,0.54,0.31,0.54,1.0,0.77,0.77,0.77,0.85,0.38,0.46,0.85,0.69,0.23,0.54,0.08,0.31,0.54,0.54,0.08,0.31,0.85,0.77,1.0,1.0,0.69,1.0,0.77,0.54,0.42,0.23,0.31,0.54,0.54,0.77
3845,South,India,C India/ Central Tribal Area,Chhattisgarh/ Madhya Pradesh/ Maharashtra/ Telangana,Kolam,Dravidian,Tribal,-1.8065284604531200,2.0165736892213500,15.91,79.74,0.69,0.77,0.38,0.54,0.54,0.54,1.0,0.54,0.31,0.77,0.85,0.23,0.85,0.69,0.69,0.92,0.77,1.0,0.31,0.54,0.54,0.08,0.54,0.85,0.77,0.69,0.69,0.69,1.0,0.77,1.0,0.42,0.23,0.31,0.54,0.54,0.54
3846,South,India,C India/ Central Tribal Area,Chhattisgarh/ Madhya Pradesh/ Maharashtra/ Telangana,Kolam,Dravidian,Tribal,0.4647022776643320,2.1724292366619600,15.91,79.74,0.62,0.92,0.38,0.77,0.31,0.31,1.0,0.31,0.77,0.54,0.85,0.38,0.46,0.85,0.69,0.23,0.77,0.08,0.31,0.54,0.54,0.08,0.54,0.69,0.42,0.69,1.0,0.38,0.54,0.54,0.54,0.54,0.62,0.31,0.54,0.77,0.31
3762,South,India,C India/ Central Tribal Area,Maharashtra/ Telangana,Andh,Indo-European,Non-Tribal,-0.23246224089813300,-2.3445934952578900,31.73,75.94,0.46,0.08,0.08,1.0,0.31,0.42,0.08,0.08,0.08,0.31,0.85,0.23,0.08,0.08,0.69,0.46,0.54,0.08,0.31,0.54,0.54,0.46,0.54,0.69,0.54,0.69,1.0,0.69,0.54,0.31,1.0,0.54,0.62,0.54,0.77,0.54,0.77
972,South,India,Dravidian Deccan,N E Sri Lanka/ Tamil Nadu,Tamil People,Dravidian,Tribal,2.403120918590440,1.7200484987139000,13.08,80.27,0.31,0.15,0.38,0.31,0.08,0.08,0.54,0.54,1.0,0.08,0.85,0.08,0.46,0.69,0.69,0.69,0.31,1.0,0.69,0.54,0.31,0.08,0.31,0.85,0.77,1.0,1.0,0.69,0.54,0.08,1.0,0.42,0.23,0.31,0.31,0.54,0.31
973,South,India,Dravidian Deccan,N E Sri Lanka/ Tamil Nadu,Tamil People,Dravidian,Tribal,1.4097609764146200,3.8501851679292500,13.08,80.27,0.62,0.62,0.38,0.42,0.54,0.54,1.0,0.54,1.0,0.08,0.46,0.23,0.46,0.69,0.69,0.23,0.31,0.08,0.08,0.77,0.31,0.08,0.31,0.85,0.77,1.0,1.0,0.69,0.54,0.08,1.0,0.42,0.35,0.31,0.31,0.54,0.31
9457,South,India,Dravidian Deccan,N E Sri Lanka/ Tamil Nadu,Tamil People,Dravidian,Tribal,4.0445810988537600,3.065430138687870,13.08,80.27,0.15,1.0,0.85,0.31,0.08,0.08,0.54,0.54,0.77,0.31,0.69,0.08,0.69,1.0,0.69,0.08,0.54,0.08,0.69,0.54,0.31,0.08,0.31,0.38,0.31,0.69,1.0,0.69,0.08,0.31,0.54,0.77,0.23,0.31,0.54,0.77,0.54
748,South,India,Dravidian Deccan,Tamil Nadu,Madras,Dravidian,Non-Tribal,3.920911317406520,4.701025433641790,13.08,80.27,0.15,0.62,0.54,0.31,0.08,0.08,1.0,1.0,1.0,0.31,0.85,0.08,0.85,0.69,0.69,0.08,0.08,0.08,0.08,0.77,0.31,0.08,0.08,0.85,0.77,1.0,1.0,0.38,0.08,0.31,1.0,0.42,0.23,0.31,0.31,0.54,0.08
759,South,India,Dravidian Deccan,Tamil Nadu,Madras,Dravidian,Non-Tribal,-1.443601651121970,3.4920976679666500,13.08,80.27,0.62,0.62,0.62,0.54,0.54,0.77,1.0,0.54,1.0,0.54,0.46,0.23,0.69,0.69,0.69,0.92,0.31,1.0,0.08,0.31,0.31,0.08,0.54,0.85,0.54,1.0,1.0,0.69,1.0,0.54,0.54,0.54,0.23,0.31,0.31,0.54,0.31
760,South,India,Dravidian Deccan,Tamil Nadu,Madras,Dravidian,Non-Tribal,4.762761875701180,2.8388158061707400,13.08,80.27,0.15,0.62,0.54,0.31,0.08,0.08,1.0,1.0,0.77,0.08,0.85,0.08,0.69,0.69,0.38,0.31,0.31,0.38,0.08,0.77,0.31,0.08,0.08,0.69,0.31,0.08,0.08,0.69,0.08,0.08,1.0,0.54,0.46,0.31,0.77,0.54,0.31
974,South,India,Dravidian Deccan,Tamil Nadu,Madras,Dravidian,Non-Tribal,3.9084382274370500,1.1574903022020600,13.08,80.27,0.54,0.62,0.46,0.77,0.77,0.31,0.54,1.0,0.08,0.08,1.0,0.38,0.08,0.08,0.69,0.08,0.08,0.08,0.69,0.77,0.31,0.08,0.08,0.08,0.31,0.08,1.0,0.38,0.08,0.08,1.0,0.77,0.35,0.08,0.54,0.77,0.31
8004,South,India,Dravidian Deccan,Tamil Nadu,Madras,Dravidian,Non-Tribal,2.235883387083980,1.9886972708931400,13.08,80.27,0.15,0.0,0.85,0.31,0.08,0.08,0.88,0.0,1.0,0.77,0.85,0.08,0.69,0.85,0.69,0.42,0.54,0.85,0.69,0.54,0.31,0.08,0.08,0.69,0.54,0.38,1.0,0.38,0.08,0.77,0.08,0.54,0.23,0.31,0.54,0.54,1.0
758,South,India,E C India/ E Central Tribal Area,Andhra Pradesh,Andhra Pradesh,Dravidian,Tribal,3.338836562152550,3.0368391610733800,15.91,79.74,0.15,0.62,0.62,0.31,0.08,0.08,1.0,1.0,1.0,0.08,0.46,0.08,0.46,0.69,0.69,0.77,0.54,1.0,0.08,0.31,0.31,0.08,0.08,0.69,0.31,0.69,0.69,0.08,0.08,0.08,1.0,0.54,0.46,0.08,0.31,0.54,0.31
3752,South,India,E C India/ E Central Tribal Area,Andhra Pradesh,Andhra Pradesh,Dravidian,Tribal,4.5039792809125200,2.5215480826869000,15.91,79.74,0.15,0.77,0.38,0.31,0.08,0.08,1.0,0.54,1.0,0.08,0.69,0.08,0.69,0.69,0.69,0.08,0.77,0.08,0.69,0.77,0.31,0.08,0.08,0.38,0.42,1.0,1.0,0.38,0.54,0.08,0.08,0.77,0.77,0.31,0.77,0.54,0.08
3753,South,India,E C India/ E Central Tribal Area,Andhra Pradesh,Andhra Pradesh,Dravidian,Tribal,3.412790674851610,1.3802322137611500,17.39,78.46,0.15,0.15,0.38,0.31,0.08,0.08,1.0,0.54,0.77,0.08,0.46,0.08,0.46,0.46,0.69,0.08,0.54,0.08,0.31,0.77,0.31,0.08,0.31,0.69,0.54,1.0,1.0,0.38,1.0,0.08,1.0,0.77,0.62,0.08,0.54,0.77,0.31
3814,South,India,E C India/ E Central Tribal Area,Andhra Pradesh,Koya,Dravidian,Tribal,-1.523237578818220,-2.101993899289430,16.87,80.92,0.46,0.08,0.08,0.77,0.54,0.54,0.08,0.08,0.08,0.54,0.46,0.38,0.08,0.08,0.69,0.46,0.88,0.62,0.69,0.77,0.54,0.08,0.77,0.85,0.54,0.69,1.0,0.69,1.0,0.54,1.0,0.77,0.46,0.31,0.31,0.54,0.77
3815,South,India,E C India/ E Central Tribal Area,Andhra Pradesh,Koya,Dravidian,Tribal,-0.9472265146037570,-2.3141235274703700,16.87,80.92,0.38,0.08,0.08,0.54,0.54,0.54,0.08,0.08,0.08,0.54,0.46,0.23,0.08,0.08,0.69,0.46,1.0,0.23,0.08,0.77,0.54,0.08,0.77,0.85,0.42,0.69,1.0,0.69,1.0,0.54,1.0,0.42,0.62,0.42,0.54,0.54,0.77
3816,South,India,E C India/ E Central Tribal Area,Andhra Pradesh,Koya,Dravidian,Tribal,-2.1093830529309300,-2.695971837738470,16.87,80.92,0.46,0.08,0.08,0.54,0.77,0.77,0.08,0.08,0.08,0.77,0.85,0.23,0.08,0.08,0.69,0.38,0.88,0.62,0.08,0.77,0.54,0.08,0.77,0.85,0.31,0.69,1.0,0.69,1.0,0.77,1.0,0.42,0.62,0.54,0.77,0.54,0.77
3817,South,India,E C India/ E Central Tribal Area,Andhra Pradesh,Koya,Dravidian,Tribal,0.3497698573419020,-1.7643894921387500,16.87,80.92,0.38,0.08,0.08,0.54,0.54,0.54,0.08,0.08,0.08,0.54,0.85,0.23,0.08,0.08,0.69,0.23,0.88,0.08,0.69,0.54,0.54,0.08,0.77,0.85,0.77,0.69,1.0,0.38,0.54,0.54,0.54,0.77,0.62,0.31,0.31,0.54,0.42
3790,South,India,E C India/ E Central Tribal Area,Andhra Pradesh/ Odisha,Gadaba,Dravidian,Tribal,-1.0151723898069500,-1.3173964756402600,21.77,84.36,0.46,0.08,0.08,0.77,0.77,0.54,0.08,0.08,0.08,0.54,0.85,0.38,0.08,0.08,0.69,0.38,0.77,0.38,0.31,0.77,1.0,0.08,0.0,0.85,0.77,1.0,1.0,0.38,0.54,0.54,1.0,0.77,0.62,0.0,0.0,0.54,0.77
3791,South,India,E C India/ E Central Tribal Area,Andhra Pradesh/ Odisha,Gadaba,Dravidian,Tribal,-1.3418715733879800,-2.975333076896840,21.77,84.36,0.46,0.08,0.08,1.0,0.0,0.54,0.08,0.08,0.08,0.31,0.85,0.23,0.08,0.08,0.69,0.92,0.54,1.0,0.08,0.77,0.77,0.46,0.77,0.69,0.77,0.69,1.0,0.69,1.0,0.31,1.0,0.77,0.62,0.54,0.42,0.77,0.31
3792,South,India,E C India/ E Central Tribal Area,Andhra Pradesh/ Odisha,Gadaba,Dravidian,Tribal,-0.3229885197610880,-2.443253247869920,21.77,84.36,0.54,0.08,0.08,0.65,0.31,0.54,0.08,0.08,0.08,0.77,0.85,0.38,0.08,0.08,0.69,0.69,0.65,0.85,0.08,0.54,0.31,0.46,0.54,0.69,0.42,0.38,1.0,0.38,0.54,0.08,1.0,0.77,0.54,0.42,0.54,0.54,0.54
3793,South,India,E C India/ E Central Tribal Area,Andhra Pradesh/ Odisha,Gadaba,Dravidian,Tribal,-1.648632020354510,-3.6195050437874200,18.56,82.97,0.38,0.08,0.08,0.77,0.77,0.54,0.08,0.08,0.08,0.31,0.85,0.31,0.08,0.08,0.69,0.92,0.88,0.85,0.69,0.77,1.0,0.08,0.54,0.85,0.31,0.69,1.0,0.38,0.54,0.31,1.0,0.77,0.77,0.77,0.77,0.77,0.54
3794,South,India,E C India/ E Central Tribal Area,Andhra Pradesh/ Odisha,Gadaba,Dravidian,Tribal,-1.3203543480231600,-3.4206071292358900,18.56,82.97,0.38,0.08,0.08,0.77,0.31,0.31,0.08,0.08,0.08,0.54,0.85,0.38,0.08,0.08,0.69,0.92,0.77,0.85,0.85,0.54,0.54,0.08,0.77,0.85,0.31,0.69,1.0,0.69,1.0,0.54,0.54,0.54,0.62,0.77,0.77,0.77,0.54
3795,South,India,E C India/ E Central Tribal Area,Andhra Pradesh/ Odisha,Gadaba,Dravidian,Tribal,-1.5866410710371900,-2.6194031718405800,18.56,82.97,0.38,0.08,0.08,1.0,0.31,0.31,0.08,0.08,0.08,0.54,0.85,0.31,0.08,0.08,0.69,0.85,0.77,1.0,0.08,1.0,0.54,0.46,0.54,0.85,0.77,0.69,1.0,0.69,1.0,0.54,1.0,0.54,0.62,0.31,0.42,0.77,0.54
3796,South,India,E C India/ E Central Tribal Area,Andhra Pradesh/ Odisha,Gadaba,Dravidian,Tribal,-2.6431027644179100,0.7507757726681420,18.56,82.97,0.38,0.15,0.38,1.0,0.77,0.54,0.54,0.54,0.77,0.54,0.46,0.23,0.46,0.69,0.69,0.46,0.77,0.62,0.31,0.54,0.54,0.46,0.54,0.85,0.54,1.0,1.0,0.69,1.0,0.54,1.0,0.54,0.62,0.54,0.54,0.77,0.54
3842,South,India,E C India/ E Central Tribal Area,Andhra Pradesh/ Odisha,Gadaba,Dravidian,Tribal,-2.570411554563740,-2.909926707623120,21.77,84.36,0.5,0.08,0.08,1.0,0.77,0.31,0.08,0.08,0.08,0.77,0.92,0.23,0.08,0.08,0.69,0.77,0.54,1.0,0.31,0.54,0.77,0.46,0.54,0.69,0.77,0.69,1.0,0.38,1.0,0.77,1.0,1.0,0.62,0.42,0.54,0.77,0.31
4012,South,India,E C India/ E Central Tribal Area,Andhra Pradesh/ Odisha,Gadaba,Dravidian,Tribal,-2.891785648477910,0.21567013866274000,20.29,85.82,0.5,0.62,0.38,1.0,0.31,0.31,0.54,0.31,0.54,0.77,0.46,0.38,1.0,0.23,0.69,0.65,0.77,1.0,0.69,0.77,0.77,0.23,1.0,0.69,0.77,0.69,0.69,1.0,1.0,0.77,1.0,0.77,0.62,0.31,0.77,0.42,0.54
4013,South,India,E C India/ E Central Tribal Area,Andhra Pradesh/ Odisha,Gadaba,Dravidian,Tribal,-0.6145106422457540,-1.7656641036712600,20.29,85.82,0.77,0.08,0.08,0.77,0.31,0.31,0.08,0.08,0.08,0.31,0.69,0.38,0.08,0.08,0.69,0.77,0.31,0.85,0.08,0.54,0.31,0.08,0.31,0.69,0.77,0.69,1.0,0.69,1.0,0.31,1.0,0.54,0.62,0.31,0.77,0.42,0.77
4001,South,India,E C India/ E Central Tribal Area,Andhra Pradesh/ Odisha,Hill Saora,Austroasiatic,Tribal,1.2925419442925700,-2.6686004605569900,19.15,84.22,0.15,0.08,0.08,0.31,0.08,0.08,0.08,0.08,0.08,0.54,0.85,0.08,0.08,0.08,0.69,0.85,0.77,0.62,0.08,0.54,0.77,0.08,0.77,0.69,0.42,0.69,1.0,0.69,1.0,0.54,1.0,0.77,0.35,0.08,0.08,0.42,0.08
4002,South,India,E C India/ E Central Tribal Area,Andhra Pradesh/ Odisha,Hill Saora,Austroasiatic,Tribal,0.7115894580119580,-2.9400829547935000,19.15,84.22,0.15,0.08,0.08,0.31,0.08,0.08,0.08,0.08,0.08,0.54,0.85,0.08,0.08,0.08,0.69,0.85,0.77,0.85,0.31,0.54,0.54,0.08,0.77,0.69,0.77,0.69,1.0,1.0,1.0,0.54,1.0,0.54,0.62,0.08,0.42,0.54,0.42
4003,South,India,E C India/ E Central Tribal Area,Andhra Pradesh/ Odisha,Hill Saora,Austroasiatic,Tribal,-1.9681291277147300,-3.2468871754341500,19.15,84.22,0.38,0.08,0.08,0.77,0.31,0.54,0.08,0.08,0.08,0.54,0.69,0.23,0.08,0.08,0.69,0.92,0.88,0.85,0.08,0.31,0.31,0.08,0.77,0.85,0.31,1.0,1.0,1.0,1.0,0.54,1.0,0.54,0.62,0.54,0.77,0.77,0.77
4004,South,India,E C India/ E Central Tribal Area,Andhra Pradesh/ Odisha,Hill Saora,Austroasiatic,Tribal,1.3697287028471000,1.092365556714810,19.15,84.22,0.15,0.62,0.54,0.31,0.08,0.08,0.88,0.31,0.77,0.31,0.46,0.08,0.46,0.69,0.69,0.69,0.88,0.08,0.08,0.31,0.54,0.08,0.77,0.85,0.31,0.69,1.0,0.69,1.0,0.31,1.0,0.54,0.46,0.08,0.31,0.54,0.77
4005,South,India,E C India/ E Central Tribal Area,Andhra Pradesh/ Odisha,Hill Saora,Austroasiatic,Tribal,1.1911227476649800,-1.744698133854290,19.15,84.22,0.15,0.15,0.15,0.31,0.08,0.08,0.31,0.08,0.08,0.31,0.46,0.08,0.23,0.08,0.69,0.62,0.77,0.85,0.08,0.31,0.54,0.08,0.77,0.69,0.77,0.69,1.0,1.0,1.0,0.31,1.0,0.77,0.23,0.08,0.08,0.54,0.77
4006,South,India,E C India/ E Central Tribal Area,Andhra Pradesh/ Odisha,Hill Saora,Austroasiatic,Tribal,0.5958692624307570,-2.6952576977686900,19.15,84.22,0.15,0.08,0.08,0.31,0.08,0.08,0.08,0.08,0.08,0.54,0.85,0.08,0.08,0.08,0.69,0.77,0.54,0.85,0.31,0.31,0.19,0.08,1.0,0.85,0.54,1.0,1.0,1.0,1.0,0.54,1.0,0.77,0.46,0.31,0.31,0.31,0.31
4007,South,India,E C India/ E Central Tribal Area,Andhra Pradesh/ Odisha,Hill Saora,Austroasiatic,Tribal,0.6287893919323340,-2.862319418673810,19.15,84.22,0.15,0.08,0.08,0.31,0.08,0.08,0.08,0.08,0.08,0.54,0.85,0.08,0.08,0.08,0.69,0.69,0.77,0.85,0.08,0.54,0.54,0.08,0.77,0.69,0.77,0.69,1.0,1.0,1.0,0.54,1.0,0.77,0.46,0.31,0.54,0.42,0.31
4008,South,India,E C India/ E Central Tribal Area,Andhra Pradesh/ Odisha,Hill Saora,Austroasiatic,Tribal,0.9102915682007930,-3.0763385873292900,19.15,84.22,0.15,0.08,0.08,0.31,0.08,0.08,0.08,0.08,0.08,0.77,0.85,0.08,0.08,0.08,0.69,0.69,0.77,0.85,0.08,0.31,0.31,0.08,0.54,0.69,0.31,0.69,1.0,0.69,1.0,0.77,1.0,0.54,0.46,0.08,0.42,0.77,0.77
4009,South,India,E C India/ E Central Tribal Area,Andhra Pradesh/ Odisha,Hill Saora,Austroasiatic,Tribal,0.7715689088880700,-1.481977330467340,19.15,84.22,0.15,0.77,0.15,0.31,0.08,0.08,0.31,0.08,0.08,0.54,0.46,0.08,0.46,0.08,0.69,0.69,0.88,0.73,0.08,0.54,0.54,0.08,0.77,0.69,0.31,1.0,1.0,0.69,1.0,0.54,1.0,0.54,0.23,0.31,0.54,0.54,0.77
4010,South,India,E C India/ E Central Tribal Area,Andhra Pradesh/ Odisha,Hill Saora,Austroasiatic,Tribal,0.985863107611925,-3.5288946339615700,19.15,84.22,0.15,0.08,0.08,0.31,0.08,0.08,0.08,0.08,0.08,0.31,0.85,0.08,0.08,0.08,0.85,0.92,0.77,0.85,0.69,0.54,1.0,0.08,0.77,0.69,0.42,0.69,1.0,0.69,1.0,0.31,1.0,0.77,0.46,0.08,0.42,0.54,0.54
9889,South,India,E C India/ E Central Tribal Area,Andhra Pradesh/ Odisha,Hill Saora,Austroasiatic,Tribal,-4.465720505105300,1.9966779923189400,19.58,84.68,0.46,0.62,0.54,0.88,0.77,0.54,0.88,1.0,0.31,0.54,0.85,1.0,0.23,1.0,0.69,0.85,0.77,1.0,0.08,0.31,0.77,1.0,0.54,0.85,0.42,0.69,0.08,0.69,1.0,0.54,0.08,0.54,0.35,0.54,0.77,0.54,0.31
9890,South,India,E C India/ E Central Tribal Area,Andhra Pradesh/ Odisha,Hill Saora,Austroasiatic,Tribal,1.9927162131972000,-0.8356742494535800,19.58,84.68,0.15,0.62,0.15,0.31,0.08,0.08,0.31,0.08,0.08,0.54,0.85,0.08,0.85,0.08,0.0,0.85,0.77,0.73,0.08,0.54,0.54,0.08,0.77,0.85,0.54,0.69,0.69,0.0,0.54,0.54,1.0,0.54,0.46,0.31,0.54,0.31,0.31
9891,South,India,E C India/ E Central Tribal Area,Andhra Pradesh/ Odisha,Hill Saora,Austroasiatic,Tribal,-1.0496139446933900,4.558779025355040,19.58,84.68,0.92,0.92,0.85,0.77,0.54,0.54,1.0,0.54,1.0,0.54,0.46,0.23,0.46,0.85,0.69,0.23,0.77,0.08,0.31,0.54,0.54,0.08,0.54,0.85,0.54,1.0,1.0,0.69,0.54,0.54,0.54,0.54,0.23,0.54,0.31,0.31,0.31
3812,South,India,E C India/ E Central Tribal Area,Andhra Pradesh/ Odisha,Konda-Dora,Dravidian,Tribal,2.3215499353919100,1.5218860879567800,18.56,82.97,0.15,0.92,0.54,0.31,0.08,0.08,0.77,0.54,0.77,0.31,0.85,0.08,0.46,0.46,0.69,0.54,0.54,0.85,0.08,0.77,0.31,0.08,0.31,0.85,0.54,0.69,0.38,0.69,1.0,0.31,1.0,0.54,0.23,0.31,0.54,0.77,0.54
3813,South,India,E C India/ E Central Tribal Area,Andhra Pradesh/ Odisha,Konda-Dora,Dravidian,Tribal,-1.4732344679562300,-2.189959468705240,18.56,82.97,0.46,0.08,0.08,1.0,0.77,0.54,0.08,0.08,0.08,0.54,0.85,0.38,0.08,0.08,0.69,0.23,0.77,0.08,0.08,0.54,0.54,0.46,0.54,0.69,0.42,0.69,1.0,0.69,1.0,0.54,1.0,0.42,0.62,0.54,0.54,0.77,0.54
9892,South,India,E C India/ E Central Tribal Area,Odisha,Bonda,Austroasiatic,Tribal,-1.4672599359084400,-0.9816567074129020,18.55,82.73,0.35,0.15,0.15,0.77,0.54,0.77,0.31,0.08,0.08,0.77,0.46,0.23,0.23,0.08,0.69,0.85,0.54,1.0,0.08,0.31,0.31,0.08,0.77,0.85,0.54,0.69,0.08,0.38,0.54,0.77,1.0,0.77,0.23,0.31,0.08,0.31,0.54
9893,South,India,E C India/ E Central Tribal Area,Odisha,Bonda,Austroasiatic,Tribal,-2.1741739239573400,-1.572739999651790,18.55,82.73,0.38,0.15,0.15,0.77,0.54,0.77,0.31,0.08,0.08,0.54,0.46,0.23,0.23,0.08,0.69,0.77,0.42,0.85,0.08,0.31,0.77,0.08,1.0,0.85,0.54,1.0,0.08,0.69,0.54,0.54,1.0,0.54,0.35,0.54,0.54,0.54,0.54
9894,South,India,E C India/ E Central Tribal Area,Odisha,Bonda,Austroasiatic,Tribal,-1.2226363032910900,-1.8823576675074600,18.55,82.73,0.5,0.62,0.15,0.77,0.54,0.54,0.31,0.08,0.08,0.31,0.85,0.23,0.23,0.08,0.69,0.85,0.54,1.0,0.08,0.31,0.77,0.27,0.88,0.69,0.54,0.69,1.0,0.38,0.54,0.31,1.0,0.54,0.62,0.54,0.54,0.54,0.54
4101,South,India,E C India/ E Central Tribal Area,Odisha,Jhodia,Indo-European,Tribal,-1.7382462274039100,0.9516507938756470,28.02,76.78,0.38,0.15,0.38,0.77,0.54,0.77,0.54,0.31,0.77,0.54,0.46,0.23,0.35,0.69,0.85,0.69,0.88,0.08,0.31,1.0,0.54,0.08,0.54,0.85,0.77,0.69,1.0,0.69,1.0,0.54,1.0,0.77,0.46,0.31,0.54,0.31,0.77
4091,South,India,E C India/ E Central Tribal Area,Odisha,Oriya,Indo-European,Tribal,3.5501914071965000,-2.506948136500130,20.95,85.09,0.15,0.08,0.08,0.31,0.08,0.08,0.08,0.08,0.08,0.31,1.0,0.08,0.08,0.08,0.85,0.77,0.54,0.85,0.08,0.54,0.31,0.08,0.08,0.23,0.77,0.08,1.0,0.38,0.54,0.31,0.54,0.42,0.77,0.42,0.54,0.42,0.31
4092,South,India,E C India/ E Central Tribal Area,Odisha,Oriya,Indo-European,Tribal,3.5461852141159300,-2.973259410799800,20.95,85.09,0.15,0.08,0.08,0.31,0.08,0.08,0.08,0.08,0.08,0.08,0.85,0.08,0.08,0.08,0.69,0.38,0.77,0.38,0.08,0.77,0.54,0.08,0.54,0.38,0.31,0.38,1.0,0.69,0.54,0.08,1.0,0.77,0.62,0.42,0.54,0.54,0.31
4093,South,India,E C India/ E Central Tribal Area,Odisha,Oriya,Indo-European,Tribal,2.326218330921280,-2.7569973863552700,20.95,85.09,0.15,0.08,0.08,0.31,0.08,0.08,0.08,0.08,0.08,0.31,0.69,0.08,0.08,0.08,0.69,0.54,0.77,0.85,0.31,0.54,0.31,0.08,0.54,0.69,0.31,0.69,1.0,0.69,0.54,0.31,1.0,0.54,0.62,0.42,0.42,0.54,0.31
4094,South,India,E C India/ E Central Tribal Area,Odisha,Oriya,Indo-European,Tribal,1.0643013807644800,-2.670613539064410,20.95,85.09,0.15,0.08,0.08,0.31,0.08,0.08,0.08,0.08,0.08,0.31,0.46,0.08,0.08,0.08,0.69,0.92,0.88,0.85,0.08,0.31,0.54,0.08,0.54,0.69,0.54,0.69,1.0,0.69,1.0,0.31,1.0,0.54,0.23,0.31,0.54,0.54,0.77
4095,South,India,E C India/ E Central Tribal Area,Odisha,Oriya,Indo-European,Tribal,2.3535985573722500,-2.422513188155680,20.95,85.09,0.15,0.08,0.08,0.31,0.08,0.08,0.08,0.08,0.08,0.31,0.92,0.08,0.08,0.08,0.69,0.62,0.77,0.85,0.31,0.54,0.31,0.08,0.54,0.85,0.54,0.69,1.0,0.69,0.54,0.31,1.0,0.54,0.23,0.31,0.77,0.54,0.31
4096,South,India,E C India/ E Central Tribal Area,Odisha,Oriya,Indo-European,Tribal,1.2181435069842300,-3.364352857050230,20.95,85.09,0.15,0.08,0.08,0.31,0.08,0.08,0.08,0.08,0.08,0.54,0.85,0.08,0.08,0.08,0.69,0.77,0.88,0.85,0.31,0.77,0.54,0.08,0.54,0.69,0.31,0.69,1.0,0.69,0.54,0.54,1.0,0.54,0.62,0.54,0.77,0.54,0.31
4097,South,India,E C India/ E Central Tribal Area,Odisha,Oriya,Indo-European,Tribal,1.6143998476260300,-2.8103056511459100,20.95,85.09,0.15,0.08,0.08,0.31,0.08,0.08,0.08,0.08,0.08,0.54,0.85,0.08,0.08,0.08,0.69,0.54,0.77,0.85,0.08,0.54,0.31,0.08,0.31,0.69,0.54,0.69,1.0,0.69,1.0,0.54,1.0,0.77,0.62,0.31,0.54,0.54,0.31
4098,South,India,E C India/ E Central Tribal Area,Odisha,Oriya,Indo-European,Tribal,1.1530273251934100,-3.0843394029450400,20.95,85.09,0.15,0.08,0.08,0.31,0.08,0.08,0.08,0.08,0.08,0.31,0.46,0.08,0.08,0.08,0.69,0.46,0.77,0.62,0.31,0.54,0.54,0.08,0.77,0.69,0.54,0.69,1.0,1.0,1.0,0.31,1.0,0.77,0.62,0.54,0.77,0.54,0.31
4099,South,India,E C India/ E Central Tribal Area,Odisha,Oriya,Indo-European,Tribal,2.732975979888970,-0.5114844178588780,20.95,85.09,0.15,0.62,0.15,0.31,0.08,0.08,0.31,0.08,0.08,0.31,1.0,0.08,1.0,0.08,0.69,0.54,0.77,0.85,0.31,0.31,0.31,0.08,0.77,0.85,0.54,0.69,1.0,0.69,0.54,0.31,1.0,0.42,0.08,0.08,0.31,0.54,0.77
4100,South,India,E C India/ E Central Tribal Area,Odisha,Oriya,Indo-European,Tribal,2.034997304166810,-2.553148244050670,20.95,85.09,0.15,0.08,0.08,0.31,0.08,0.08,0.08,0.08,0.08,0.31,0.46,0.08,0.08,0.08,0.69,0.77,0.77,0.85,0.31,0.54,0.54,0.08,0.54,0.38,0.42,0.69,1.0,0.69,1.0,0.31,1.0,0.77,0.23,0.31,0.31,0.54,0.31
9885,South,India,E C India/ E Central Tribal Area,Odisha,Paroja,Indo-European,Tribal,-2.7460233937761000,3.4433672480841900,18.85,82.73,0.38,0.23,1.0,0.77,0.54,0.77,0.54,1.0,1.0,0.77,0.46,0.23,0.35,0.85,0.85,0.85,0.54,1.0,0.31,0.54,0.31,0.08,0.54,0.85,0.77,1.0,1.0,0.69,0.54,0.77,1.0,0.42,0.35,0.31,0.31,0.31,0.54
9886,South,India,E C India/ E Central Tribal Area,Odisha,Paroja,Indo-European,Tribal,-2.993463723850280,3.8012319609247300,18.85,82.73,0.92,0.23,1.0,0.77,0.54,1.0,1.0,0.54,1.0,0.54,0.35,0.23,0.35,0.85,0.0,0.62,0.77,0.85,0.08,0.77,0.54,0.08,0.77,0.85,0.77,1.0,1.0,0.38,0.54,0.54,1.0,0.77,0.23,0.31,0.54,0.31,0.77
9887,South,India,E C India/ E Central Tribal Area,Odisha,Paroja,Indo-European,Tribal,-2.15202838895538,-2.043603733899430,18.85,82.73,0.38,0.08,0.08,0.88,0.77,1.0,0.08,0.08,0.08,0.54,0.85,0.23,0.08,0.08,0.85,0.69,0.77,0.85,0.08,0.77,0.54,0.35,0.54,0.85,0.42,1.0,0.08,0.69,0.54,0.54,1.0,0.77,0.35,0.31,0.77,0.31,0.54
9888,South,India,E C India/ E Central Tribal Area,Odisha,Paroja,Indo-European,Tribal,-2.567044382416660,2.3602388000685000,18.32,82.87,0.77,0.69,0.15,0.88,0.77,0.77,1.0,0.31,1.0,0.54,0.46,0.23,0.35,0.85,0.85,0.85,0.77,1.0,0.31,0.54,0.54,0.23,0.54,0.85,0.77,0.69,0.69,0.69,0.54,0.54,0.54,0.77,0.23,0.31,0.54,0.31,0.54
1843,South,India,Western Ghats,Kerala,Kerala,Dravidian,Non-Tribal,-0.7836129409894780,3.8848504676184400,8.52,76.93,0.69,0.23,0.38,0.54,0.54,1.0,1.0,0.77,1.0,0.54,0.46,0.23,0.46,0.69,0.69,0.23,0.54,0.08,0.31,0.31,0.31,0.08,0.54,0.69,0.77,1.0,1.0,0.69,0.54,0.54,0.54,0.31,0.23,0.31,0.54,0.31,0.54
1844,South,India,Western Ghats,Kerala,Kerala,Dravidian,Non-Tribal,-0.08137305100156770,3.2802663519710400,8.52,76.93,0.46,0.23,0.46,0.54,0.54,0.77,1.0,0.77,1.0,0.54,0.46,0.23,0.46,0.69,0.69,0.23,0.54,0.08,0.31,0.77,0.54,0.08,0.31,0.69,0.54,1.0,1.0,0.38,0.54,0.54,0.54,0.77,0.23,0.31,0.54,0.54,0.54
1845,South,India,Western Ghats,Kerala,Kerala,Dravidian,Non-Tribal,-0.39152290036755700,3.8816324748037100,10.85,76.27,0.46,0.23,0.46,0.54,0.54,1.0,1.0,0.77,1.0,0.54,0.46,0.23,0.46,0.85,0.69,0.23,0.31,0.08,0.08,0.54,0.54,0.08,0.31,0.69,0.54,1.0,1.0,0.69,0.54,0.54,0.54,0.54,0.23,0.08,0.31,0.54,0.77
1846,South,India,Western Ghats,Kerala,Kerala,Dravidian,Non-Tribal,3.524139488602800,3.3340250043131500,10.85,76.27,0.77,0.69,0.62,0.77,0.54,0.31,0.54,0.77,0.31,0.31,1.0,0.38,0.92,0.38,0.69,0.08,0.08,0.08,0.85,0.77,0.31,0.08,0.08,0.38,0.54,0.08,0.08,0.38,0.54,0.31,0.08,0.77,0.23,0.31,0.31,0.54,0.08
1847,South,India,Western Ghats,Kerala,Kerala,Dravidian,Non-Tribal,4.597448236391120,-1.4126212314281100,10.85,76.27,0.15,0.08,0.08,0.31,0.08,0.08,0.08,0.08,0.08,0.31,0.85,0.08,0.08,0.08,0.69,0.15,0.54,0.08,0.85,0.77,0.31,0.08,0.31,0.38,0.54,0.69,1.0,0.69,0.54,0.31,0.08,0.54,0.35,0.31,0.54,0.54,0.08
1848,South,India,Western Ghats,Kerala,Kerala,Dravidian,Non-Tribal,1.9009070388803800,-1.0116845721626300,10.85,76.27,0.15,0.15,0.15,0.31,0.08,0.08,0.31,0.08,0.08,0.54,0.85,0.08,0.69,0.08,0.85,0.92,0.54,1.0,0.08,0.31,0.54,0.08,0.31,0.69,0.54,1.0,1.0,0.38,0.54,0.54,1.0,0.31,0.23,0.08,0.31,0.54,0.31
1849,South,India,Western Ghats,Kerala,Kerala,Dravidian,Non-Tribal,-1.7859099391578400,3.8689875663656800,10.85,76.27,0.62,0.15,0.38,1.0,0.54,1.0,1.0,0.77,1.0,0.54,0.46,0.23,0.46,0.69,0.69,0.38,0.54,0.46,0.08,0.54,0.54,0.77,0.31,0.69,0.77,1.0,1.0,0.38,1.0,0.54,0.08,0.31,0.08,0.08,0.31,0.54,0.54
1850,South,India,Western Ghats,Kerala,Kerala,Dravidian,Non-Tribal,-0.47336016672279400,0.32220953458309100,10.85,76.27,0.46,0.23,0.38,0.54,0.54,0.77,0.31,0.08,0.77,0.54,0.46,0.23,0.46,0.23,0.69,0.46,0.54,0.23,0.08,0.77,0.54,0.08,0.54,0.69,0.31,1.0,1.0,0.69,0.54,0.54,0.54,0.54,0.62,0.54,0.54,0.54,0.31
1851,South,India,Western Ghats,Kerala,Kerala,Dravidian,Non-Tribal,-2.529291782245550,2.3994148387468100,10.85,76.27,0.62,0.23,0.46,1.0,0.77,1.0,0.54,1.0,0.77,0.54,0.46,0.23,0.46,0.23,0.69,0.85,0.54,1.0,0.08,0.54,0.54,0.62,0.31,0.77,0.54,1.0,1.0,0.69,0.54,0.54,0.54,0.54,0.23,0.08,0.31,0.54,0.31
1852,South,India,Western Ghats,Kerala,Kerala,Dravidian,Non-Tribal,0.15250012662051400,-0.16847639954583300,10.85,76.27,0.73,0.08,0.08,1.0,0.77,0.77,0.08,0.08,0.08,0.54,0.85,0.23,0.08,0.08,0.69,0.15,0.42,0.08,0.08,0.54,0.31,0.62,0.31,0.85,0.54,0.69,1.0,0.38,0.54,0.54,0.54,0.54,0.23,0.08,0.31,0.54,0.08
3754,South,India,Western Ghats,Kerala,Kerala,Dravidian,Non-Tribal,3.5554112301685900,2.0422265025137100,10.85,76.27,0.15,0.62,0.38,0.31,0.08,0.08,1.0,0.54,1.0,0.31,0.46,0.08,0.46,0.46,0.69,0.77,0.77,0.85,0.08,0.77,0.31,0.08,0.08,0.69,0.54,0.38,1.0,0.38,0.08,0.31,0.08,0.77,0.35,0.08,0.77,0.77,0.08
3755,South,India,Western Ghats,Kerala,Kerala,Dravidian,Non-Tribal,4.21038833095457,3.0939313856492600,10.85,76.27,0.15,0.15,0.38,0.31,0.08,0.08,1.0,0.54,1.0,0.31,0.46,0.08,0.46,0.54,0.69,0.23,0.77,0.08,0.85,0.77,0.31,0.08,0.08,0.69,0.54,1.0,1.0,0.69,0.08,0.31,0.08,0.42,0.23,0.08,0.08,0.54,0.08
9193,South,India,Western Ghats,Kerala,Kerala,Dravidian,Non-Tribal,8.185658640588320,1.5756866961908900,10.85,76.27,,0.0,0.31,0.0,0.0,0.0,0.31,0.08,0.08,0.0,0.0,0.0,0.0,0.0,0.0,0.0,0.0,0.0,0.0,0.0,0.0,0.0,0.0,0.77,0.0,0.0,0.0,0.0,0.0,0.0,0.0,0.0,0.0,0.0,0.0,0.0,0.0
9347,South,India,Western Ghats,Kerala,Kerala,Dravidian,Non-Tribal,1.3658260418741200,2.344460186467360,10.85,76.27,0.15,0.77,0.85,0.31,0.08,0.08,1.0,0.31,0.31,1.0,0.85,0.08,0.85,0.69,0.69,0.77,0.77,0.08,0.69,1.0,0.31,0.08,0.08,0.85,0.77,1.0,1.0,0.69,0.08,1.0,0.08,1.0,0.23,0.31,0.31,1.0,1.0
845,South,India,Western Ghats,Nilgiri Mtns,Toda,Dravidian,Tribal,-3.140633288544550,2.0725523672150700,21.14,79.08,0.69,0.23,0.38,0.54,0.77,0.77,1.0,0.54,1.0,0.54,0.46,0.23,0.35,0.85,0.69,0.92,0.54,0.85,0.08,0.54,0.77,0.08,0.77,0.69,0.77,1.0,1.0,1.0,1.0,0.54,1.0,0.54,0.35,0.42,0.54,0.54,0.31
4456,South,India,Western Ghats,Nilgiri Mtns,Toda,Dravidian,Tribal,-3.1305735210399700,1.7536587980648500,11.49,76.73,0.69,0.23,0.77,0.54,0.77,1.0,0.54,1.0,0.77,0.77,0.69,0.23,0.69,0.23,0.69,0.92,0.54,1.0,0.69,0.77,0.77,0.08,0.77,0.69,0.54,1.0,1.0,0.38,0.54,0.77,0.54,0.77,0.46,0.31,0.54,0.54,0.77
4457,South,India,Western Ghats,Nilgiri Mtns,Toda,Dravidian,Tribal,-3.0644194507379500,-2.018739627732000,11.49,76.73,0.69,0.08,0.08,0.54,0.77,0.77,0.08,0.08,0.08,1.0,0.69,0.23,0.08,0.08,0.69,0.92,0.31,1.0,0.69,0.54,0.77,0.08,1.0,0.69,0.77,1.0,0.08,0.38,0.08,1.0,0.54,1.0,0.62,0.31,0.54,0.31,0.54
4458,South,India,Western Ghats,Nilgiri Mtns,Toda,Dravidian,Tribal,-2.4403243445242700,-2.255614364989960,11.49,76.73,0.46,0.08,0.08,0.54,0.54,0.77,0.08,0.08,0.08,0.77,0.46,0.31,0.08,0.08,0.69,0.92,0.77,1.0,0.31,0.54,0.77,0.08,0.77,0.69,0.54,1.0,0.08,0.38,0.54,0.77,0.54,0.77,0.46,0.31,0.54,0.54,0.77
4459,South,India,Western Ghats,Nilgiri Mtns,Toda,Dravidian,Tribal,-0.3463936947312920,-3.0326534111726500,11.49,76.73,0.15,0.08,0.08,0.31,0.08,0.08,0.08,0.08,0.08,1.0,0.69,0.08,0.08,0.08,0.69,0.92,0.54,1.0,0.69,0.54,0.77,0.08,1.0,0.69,0.54,0.69,0.08,0.38,0.08,1.0,0.54,0.77,0.46,0.54,0.31,0.31,0.77
4460,South,India,Western Ghats,Nilgiri Mtns,Toda,Dravidian,Tribal,-4.051169372751200,1.4178300044752700,11.49,76.73,0.81,0.23,0.46,0.54,0.77,0.77,0.54,1.0,0.77,1.0,0.46,0.23,0.46,0.23,0.69,0.69,0.88,0.85,1.0,0.54,0.77,0.08,1.0,0.85,0.77,1.0,1.0,0.38,0.54,1.0,0.08,0.77,0.46,0.54,0.54,0.31,0.77
4461,South,India,Western Ghats,Nilgiri Mtns,Toda,Dravidian,Tribal,-4.189478934147120,1.4274010371970500,11.49,76.73,0.69,0.69,0.62,0.54,0.77,0.77,0.77,0.77,0.54,1.0,0.46,0.23,0.23,0.38,0.69,0.92,0.54,1.0,0.69,0.31,0.77,0.08,1.0,0.85,0.77,1.0,0.38,0.38,0.54,1.0,0.08,0.77,0.62,0.54,0.54,0.31,0.77
4462,South,India,Western Ghats,Nilgiri Mtns,Toda,Dravidian,Tribal,-3.7763560294122500,1.4226216624765900,11.49,76.73,0.46,0.23,0.46,0.54,1.0,0.77,0.54,1.0,0.54,1.0,0.46,0.23,0.46,0.23,0.69,0.92,0.77,0.85,0.31,0.54,0.77,0.08,0.77,0.69,0.77,1.0,1.0,0.69,0.08,1.0,0.54,0.42,0.46,0.54,0.31,0.31,0.77
4463,South,India,Western Ghats,Nilgiri Mtns,Toda,Dravidian,Tribal,-0.3711951213734010,-3.1709802568728900,11.49,76.73,0.15,0.08,0.08,0.31,0.08,0.08,0.08,0.08,0.08,1.0,0.69,0.08,0.08,0.08,0.69,0.92,0.31,1.0,0.69,0.54,0.77,0.08,0.77,0.69,0.31,1.0,0.08,1.0,0.08,1.0,0.54,0.77,0.62,0.31,0.31,0.54,0.77